,0,1,2,3,4,5,6,7,8,9,10,11,12,13,14,15,16,17,18,19,20,21,22,23,24,25,26,27,28,29,30,31,32,33,34,35,36,37,38,39,40,41,42,43,44,45,46,47,48,49,50,51,52,53,54,55,56,57,58,59,60,61,62,63,64,65,66,67,68,69,70,71,72,73,74,75,76,77,78,79,80,81,82,83,84
0,0.99999994,0.7243394,-0.31117144,0.6577138,0.5485502,0.4744942,0.4344747,0.402431,0.57100815,0.49444902,0.66517174,0.7047782,-0.50875443,0.62041736,0.6676793,0.54855555,0.6101019,0.7154638,-0.29611588,0.38319582,-0.6690637,-0.64465714,-0.6103881,0.6776178,0.70229787,0.724559,0.7401493,0.6123814,0.6397167,0.5521122,0.46763533,0.6191923,0.3459889,-0.6700833,0.3441016,0.48979795,-0.4309097,0.26908615,-0.7424376,-0.73549384,-0.5751558,0.67523175,0.5610059,0.71762806,0.46163628,0.74725455,0.7081771,0.6408373,0.5623705,0.47104993,0.6773253,0.4915834,0.61769044,-0.26596054,0.70102,0.43804416,0.66146946,0.68977195,0.6295866,-0.5362926,0.12399109,0.54458845,0.6747819,0.72658455,0.45301786,0.52042747,0.43199918,0.69729304,0.73483217,0.6012437,0.6824902,0.5354455,0.6416432,0.27424112,0.75468487,0.45656118,0.38702357,0.4842199,0.6403973,-0.7295274,0.6808035,0.72421616,0.6356785,0.70864195,0.60453606
1,0.7243394,1.0,-0.29557604,0.56747,0.49566463,0.48004502,0.4346236,0.3872202,0.59742725,0.5044673,0.70890796,0.6723123,-0.47596222,0.5735217,0.62506837,0.47842258,0.5590924,0.655573,-0.19929089,0.31681672,-0.6838751,-0.58820796,-0.582628,0.6864522,0.7001278,0.7250559,0.73059064,0.5618384,0.60333663,0.50493836,0.3934055,0.540213,0.3476547,-0.64084804,0.33932102,0.44863212,-0.32955498,0.25273332,-0.71010345,-0.7055727,-0.5149203,0.6220826,0.49429432,0.6663316,0.39623109,0.7109453,0.6647561,0.60089135,0.5127861,0.42575583,0.637977,0.3844039,0.57108027,-0.21205805,0.68957,0.40248966,0.6423741,0.6704542,0.5607815,-0.48363715,0.13125397,0.4866455,0.6102889,0.71463823,0.36609682,0.4670465,0.3840563,0.7189205,0.7079167,0.535437,0.7111104,0.5079916,0.6287806,0.19418915,0.722275,0.34788707,0.33565623,0.42568737,0.53370005,-0.7304236,0.64777744,0.68399817,0.58558846,0.6804898,0.61412
2,-0.31117147,-0.29557604,1.0,-0.29351655,-0.3136992,-0.2698836,-0.24484985,-0.23551627,-0.34057716,-0.2551915,-0.22075683,-0.33785516,0.2500894,-0.2848002,-0.29741177,-0.2536131,-0.29266313,-0.33937287,0.118207514,-0.17043951,0.22461417,0.40123096,0.33159736,-0.31894735,-0.28950945,-0.3319689,-0.31164846,-0.3460746,-0.24950935,-0.25984505,-0.21126102,-0.37532985,-0.19696918,0.28753498,-0.19226818,-0.2295308,0.19243263,-0.118578434,0.33404154,0.32273555,0.2964828,-0.32262588,-0.24290857,-0.33995974,-0.25683916,-0.330601,-0.30873597,-0.31766343,-0.31820226,-0.22142892,-0.35394442,-0.29297698,-0.3356396,0.13090451,-0.2646793,-0.24811603,-0.27924976,-0.2371329,-0.34200004,0.29871416,-0.03919634,-0.35949716,-0.31507722,-0.32972643,-0.21646045,-0.24787864,-0.24713483,-0.2958431,-0.2862975,-0.27119195,-0.27146268,-0.28405142,-0.29822633,-0.116258495,-0.32684353,-0.21027796,-0.20396665,-0.24138948,-0.34675664,0.2969598,-0.35275114,-0.26798868,-0.33014658,-0.30887252,-0.33936682
3,0.6577138,0.56747,-0.29351655,1.0,0.6327028,0.49144995,0.48113894,0.41929927,0.648876,0.546967,0.40501225,0.73932767,-0.53896075,0.60415626,0.64171135,0.6444954,0.6035019,0.68140763,-0.27580464,0.41970873,-0.495387,-0.7154098,-0.73483795,0.5704505,0.5473981,0.7146716,0.67386705,0.71703184,0.6178184,0.5484504,0.46272942,0.6908567,0.3516689,-0.66745424,0.4346027,0.563196,-0.44111434,0.31231597,-0.7303977,-0.69353,-0.61358553,0.6688639,0.5989204,0.66750383,0.541645,0.73411775,0.74929476,0.62392443,0.54001635,0.5040642,0.68374884,0.4872558,0.71739423,-0.27608395,0.615534,0.44098645,0.63451326,0.5353166,0.6610624,-0.62827617,0.07649348,0.55670285,0.7586348,0.67607445,0.45194682,0.5519163,0.5201618,0.5856688,0.62529063,0.6199795,0.6295591,0.51976734,0.64135057,0.25587457,0.7273361,0.46844515,0.4913339,0.5020139,0.71288073,-0.6982759,0.71633357,0.59391195,0.7336032,0.69601417,0.701641
4,0.5485502,0.49566463,-0.3136992,0.6327028,1.0,0.40421152,0.46189302,0.36841977,0.5377792,0.4510521,0.3843428,0.5913785,-0.7017242,0.6968638,0.6474139,0.5334467,0.65215546,0.5743419,-0.21679537,0.38709828,-0.48534852,-0.662572,-0.56281805,0.5544576,0.4976312,0.6305096,0.6383189,0.55572027,0.5617608,0.63518614,0.41224742,0.56110895,0.4799115,-0.6205238,0.53284633,0.52276593,-0.4915317,0.31281266,-0.6587587,-0.58821076,-0.7123158,0.66002846,0.49019215,0.6463507,0.4941029,0.66752106,0.61235535,0.68438107,0.511112,0.46583214,0.6160465,0.48402256,0.57792675,-0.3499956,0.6516701,0.43920553,0.6165263,0.5269722,0.54438585,-0.54892147,0.06865407,0.49265796,0.5978776,0.68037707,0.40381742,0.48871675,0.47800553,0.5735758,0.5408389,0.58923304,0.55220574,0.6121529,0.530856,0.20563386,0.6444943,0.52491057,0.48127377,0.42815968,0.6313839,-0.64792955,0.61492133,0.5791015,0.6192271,0.597695,0.5387699
5,0.4744942,0.48004502,-0.2698836,0.49144995,0.40421152,1.0,0.5021962,0.54980546,0.46809894,0.38497147,0.46749955,0.5501449,-0.35595655,0.42662242,0.5089384,0.3797052,0.42022377,0.5430382,-0.17233995,0.25944173,-0.3671152,-0.5515726,-0.5443285,0.48801526,0.4440341,0.54158306,0.5133411,0.59277827,0.47347826,0.39790574,0.31256777,0.57556266,0.26776415,-0.4696103,0.30970028,0.36277166,-0.29281902,0.19235179,-0.5356663,-0.56214786,-0.38781744,0.5417434,0.34472537,0.57219636,0.33876497,0.5343639,0.5493115,0.43080428,0.5011369,0.37920538,0.5513975,0.35713115,0.5915911,-0.19000575,0.4299984,0.2917618,0.44459212,0.39358902,0.6170733,-0.41977242,0.05238446,0.63932234,0.47976458,0.5357478,0.31867602,0.36901549,0.3895147,0.56422156,0.494595,0.45348102,0.45520756,0.57867724,0.52374333,0.16581362,0.5394413,0.30832532,0.31476757,0.4500788,0.55635303,-0.4837012,0.5414319,0.45313826,0.5394363,0.53666574,0.46920046
6,0.4344747,0.4346236,-0.24484985,0.48113894,0.46189302,0.5021962,1.0,0.42369986,0.5266194,0.4327933,0.35121593,0.4794169,-0.4421324,0.49034542,0.47692814,0.3735533,0.4742245,0.4530454,-0.1497318,0.29591036,-0.44115233,-0.50183713,-0.4412399,0.4181594,0.37603563,0.50921917,0.50337464,0.46156144,0.46280226,0.35662976,0.29869726,0.45301083,0.29206854,-0.49890512,0.37640214,0.38074484,-0.27608553,0.21550308,-0.49796396,-0.49337995,-0.43097088,0.49666417,0.343219,0.4978357,0.38476753,0.50423664,0.4820145,0.46624428,0.44438154,0.39642978,0.48517802,0.33257785,0.469917,-0.17888312,0.48189762,0.34820133,0.5349843,0.36597982,0.47955626,-0.4400057,0.055906355,0.4744291,0.49440625,0.48810592,0.34368834,0.4061722,0.35551935,0.46172255,0.44590214,0.47242582,0.49320334,0.4220098,0.47493657,0.14590739,0.50008565,0.2956716,0.3561684,0.3886834,0.50672054,-0.45793843,0.511924,0.44381106,0.4484221,0.51193565,0.45257053
7,0.40243104,0.3872202,-0.23551627,0.41929927,0.36841977,0.54980546,0.42369986,1.0,0.3894675,0.3430988,0.36819178,0.44091123,-0.36522186,0.42093036,0.4619229,0.3062457,0.41882065,0.43457007,-0.15822552,0.2281701,-0.36653045,-0.46722955,-0.4245556,0.40018803,0.37640762,0.44755277,0.43534938,0.47250506,0.39548004,0.33643267,0.28546384,0.4885142,0.2534697,-0.44105765,0.31668055,0.34441105,-0.27255836,0.19022146,-0.45083523,-0.46414068,-0.37489676,0.489864,0.29840904,0.4978915,0.3085258,0.45293453,0.43354675,0.4405023,0.42373237,0.32550317,0.45088208,0.31776407,0.4808949,-0.17770046,0.39986563,0.29759228,0.44199756,0.3564383,0.5270046,-0.40871012,0.052433386,0.589446,0.39719793,0.4605454,0.28920794,0.34723976,0.48680744,0.5209305,0.4191448,0.40537322,0.41653714,0.54763585,0.45479065,0.15620857,0.4569161,0.28821808,0.2752023,0.4301462,0.5172549,-0.3955401,0.43711945,0.44287074,0.4041192,0.48627907,0.3609541
8,0.5710082,0.59742725,-0.3405772,0.6488761,0.5377792,0.46809894,0.52661943,0.3894675,1.0000001,0.617643,0.37127906,0.65284705,-0.50418824,0.5481503,0.57679015,0.5012565,0.54619014,0.60604113,-0.18526736,0.2811082,-0.4956104,-0.66615266,-0.65866107,0.5557721,0.49173316,0.67558235,0.6161189,0.66336304,0.50027204,0.46832567,0.3826442,0.5772822,0.3382081,-0.6430808,0.3309118,0.42184073,-0.31855944,0.22570015,-0.66435075,-0.62211,-0.5284534,0.5943447,0.4940295,0.6024586,0.39765716,0.6691917,0.6536802,0.5558063,0.46526507,0.36411238,0.6161079,0.36968637,0.65777063,-0.2096782,0.5409319,0.40921986,0.55376226,0.4563268,0.5824349,-0.5833799,0.07993834,0.50052154,0.66970503,0.6198088,0.36843687,0.49706662,0.41784486,0.5354234,0.5619822,0.47240397,0.62353444,0.42558157,0.5887087,0.17970581,0.6613592,0.34023136,0.3410093,0.40361992,0.6054097,-0.6290605,0.6812572,0.5143795,0.6330254,0.62521935,0.7511139
9,0.49444902,0.5044673,-0.2551915,0.546967,0.4510521,0.38497147,0.4327933,0.3430988,0.61764294,1.0,0.31674504,0.5124153,-0.47132543,0.48571047,0.48524785,0.44684127,0.47843942,0.49075094,-0.1646753,0.23256132,-0.46351677,-0.5253137,-0.5147974,0.44832826,0.44225058,0.5471976,0.50198007,0.5146132,0.42072287,0.3808265,0.37559462,0.46205214,0.3148346,-0.5666653,0.25978068,0.38261113,-0.2821165,0.19159885,-0.55201215,-0.48883376,-0.4995581,0.4901629,0.47686014,0.47997704,0.32073203,0.5515262,0.5243883,0.51192266,0.3802868,0.29504696,0.48396248,0.30532324,0.50838107,-0.18878251,0.47886646,0.37520525,0.44951868,0.4303921,0.44176722,-0.485919,0.071838476,0.383294,0.55734247,0.5228477,0.29777676,0.4240152,0.388145,0.449316,0.465723,0.38746497,0.5600729,0.36276203,0.4703729,0.16346678,0.5566426,0.29164115,0.2867037,0.329227,0.49393237,-0.54207385,0.5288787,0.45775288,0.49847662,0.5167198,0.6293143
10,0.6651718,0.70890796,-0.22075683,0.40501225,0.3843428,0.46749955,0.35121593,0.36819178,0.37127903,0.31674504,1.0,0.5311668,-0.36513993,0.46838167,0.524501,0.37283435,0.4435185,0.5771291,-0.16737604,0.27957502,-0.64773744,-0.46075368,-0.42232558,0.6172338,0.6828467,0.582,0.62148744,0.41771635,0.53358704,0.41784954,0.31052974,0.44444335,0.2710148,-0.49936563,0.3083743,0.41776353,-0.2779106,0.20754272,-0.58487195,-0.616271,-0.3891251,0.5212868,0.4046033,0.59530246,0.3408389,0.5818433,0.5382143,0.48525184,0.4528116,0.39242443,0.5366049,0.32063732,0.43445307,-0.17470574,0.6150316,0.31970644,0.5750755,0.64040893,0.46934876,-0.33873808,0.1339988,0.43989316,0.4378364,0.6114933,0.29287302,0.3259151,0.29210147,0.68601096,0.63914686,0.48634627,0.5584961,0.501794,0.51912534,0.15718816,0.60246116,0.29205212,0.304753,0.3865181,0.4441188,-0.58960533,0.49640313,0.6334679,0.43922403,0.55342746,0.3859964
11,0.70477825,0.6723123,-0.33785516,0.73932767,0.5913785,0.5501449,0.4794169,0.44091123,0.652847,0.5124153,0.5311668,1.0,-0.48112938,0.58076435,0.6473375,0.61482656,0.5844581,0.73376286,-0.27418914,0.43322,-0.53291744,-0.7333147,-0.7541761,0.6486818,0.6175105,0.77390176,0.726736,0.7323552,0.65384173,0.55247575,0.4384589,0.72102576,0.33896166,-0.66625077,0.43678716,0.55493385,-0.4171966,0.3048287,-0.7564313,-0.7687681,-0.5566276,0.68285394,0.5665943,0.7156662,0.5545909,0.7577223,0.78017485,0.60406864,0.5918929,0.54893416,0.7441304,0.496448,0.7302308,-0.25465572,0.6390607,0.45475012,0.6785524,0.56813455,0.7037461,-0.5985197,0.1108151,0.60565877,0.7411976,0.7126097,0.46108785,0.5466865,0.4846787,0.65910953,0.67473185,0.65428567,0.6667834,0.54662406,0.7005906,0.25759143,0.75194186,0.43843913,0.48267853,0.5292236,0.68697876,-0.73477846,0.7524388,0.6255515,0.7474652,0.7436276,0.69005
12,-0.50875443,-0.4759622,0.2500894,-0.5389607,-0.7017241,-0.35595655,-0.44213238,-0.36522183,-0.50418824,-0.4713254,-0.36513993,-0.48112935,1.0,-0.7233837,-0.64046353,-0.423691,-0.68312323,-0.47429547,0.18564375,-0.2647178,0.545919,0.5446124,0.45443502,-0.512259,-0.4670661,-0.54361033,-0.5888752,-0.4677291,-0.45176995,-0.60962343,-0.41035658,-0.43865126,-0.5090197,0.6280938,-0.36615285,-0.38549182,0.46014434,-0.19093025,0.6129618,0.49351174,0.7433801,-0.61563563,-0.4540308,-0.57736593,-0.34198883,-0.6208154,-0.5051483,-0.7166222,-0.40111637,-0.32745674,-0.48329407,-0.42033648,-0.49057096,0.3473967,-0.6283716,-0.39640465,-0.51908153,-0.5365948,-0.44610253,0.48351356,-0.06702067,-0.39065078,-0.51307416,-0.6409708,-0.32483536,-0.43625438,-0.44123176,-0.5456114,-0.5033241,-0.44042364,-0.5219375,-0.57593685,-0.45492914,-0.1754416,-0.60646904,-0.50039035,-0.30072236,-0.3621084,-0.5538006,0.6067587,-0.53265846,-0.5671204,-0.52361673,-0.52739805,-0.5024453
13,0.6204175,0.5735217,-0.28480023,0.60415626,0.69686383,0.42662242,0.49034545,0.4209304,0.5481503,0.48571047,0.46838167,0.58076435,-0.7233837,1.0,0.7708866,0.39918822,0.77380544,0.53631824,-0.23741727,0.3310047,-0.66015416,-0.5858825,-0.48359993,0.62728095,0.5318712,0.6248185,0.7159289,0.50956374,0.58467215,0.60765,0.54734635,0.49942854,0.5218292,-0.66835934,0.42328253,0.40455747,-0.4702521,0.22417697,-0.69118214,-0.60540694,-0.75267375,0.74319696,0.39773545,0.69641685,0.4218449,0.6967106,0.5793138,0.7704087,0.4861478,0.4302483,0.5819632,0.48088163,0.5249285,-0.33488306,0.7431731,0.4297982,0.63714623,0.6664058,0.5545684,-0.46256816,0.07843246,0.48134246,0.58715296,0.71545887,0.40381193,0.5019703,0.40729082,0.65306556,0.6609737,0.5423878,0.62078387,0.6237495,0.5822804,0.22187026,0.67961,0.53301424,0.34048486,0.45279267,0.61742616,-0.6738147,0.60590714,0.70357996,0.5557145,0.6343826,0.51351917
14,0.66767937,0.62506837,-0.2974118,0.64171135,0.6474139,0.5089384,0.47692814,0.4619229,0.57679015,0.48524785,0.524501,0.6473375,-0.64046353,0.7708866,1.0,0.39195734,0.7468682,0.59061253,-0.21497783,0.3357797,-0.6659617,-0.61766714,-0.54516375,0.6842562,0.5703483,0.66202503,0.76252156,0.59028375,0.60237616,0.5999791,0.5557504,0.5598875,0.46392617,-0.6547345,0.40192604,0.4082088,-0.42713153,0.21489118,-0.7359274,-0.67355144,-0.6926835,0.80031675,0.3913042,0.76409805,0.45539984,0.73319864,0.63410246,0.74050003,0.5123344,0.46161675,0.6345278,0.47254524,0.60636115,-0.3085397,0.73780227,0.39782625,0.6464573,0.69668484,0.640441,-0.48451883,0.07397774,0.5626709,0.61726207,0.74207693,0.41040623,0.4913797,0.41486913,0.7009577,0.732262,0.5658399,0.6410458,0.645294,0.66994846,0.2075414,0.72404796,0.49499854,0.33857855,0.51728624,0.66437626,-0.69209427,0.6564759,0.7332264,0.6051912,0.6745664,0.551652
15,0.54855555,0.47842258,-0.2536131,0.6444954,0.5334467,0.3797052,0.3735533,0.3062457,0.5012565,0.44684127,0.37283435,0.61482656,-0.423691,0.3991882,0.39195734,1.0,0.39749277,0.63959384,-0.30030963,0.40869588,-0.33606836,-0.6329937,-0.6799649,0.4134887,0.51469904,0.6142177,0.49391457,0.60043544,0.5247498,0.47230807,0.264369,0.62696224,0.24932209,-0.57226,0.39963138,0.6305484,-0.429487,0.36525315,-0.5816657,-0.5723967,-0.47169918,0.4252692,0.75289875,0.46969607,0.46827653,0.5911533,0.65274525,0.45567238,0.48018032,0.44362417,0.57402515,0.4436083,0.5963713,-0.2402728,0.45993313,0.44494915,0.5212891,0.36846602,0.48242384,-0.6085274,0.1114908,0.40852964,0.64221424,0.5399095,0.3952701,0.4823175,0.542836,0.4512081,0.4288626,0.54146606,0.51000315,0.38441923,0.4467827,0.27080786,0.58841217,0.39768383,0.52155036,0.34394392,0.5435624,-0.60488087,0.5793636,0.4140158,0.6545971,0.55855465,0.6154679
16,0.6101019,0.5590924,-0.29266313,0.6035019,0.65215546,0.42022377,0.4742245,0.41882065,0.54619014,0.47843942,0.4435185,0.5844581,-0.68312323,0.7738054,0.7468682,0.39749277,1.0,0.51390934,-0.24154858,0.32825443,-0.6189644,-0.5724939,-0.49891976,0.5841071,0.492515,0.5995263,0.6877615,0.51971364,0.56979024,0.6012069,0.5380565,0.511271,0.45339182,-0.66815907,0.37791052,0.36867887,-0.47245058,0.21611828,-0.67450356,-0.58771545,-0.73815197,0.71874005,0.39660892,0.6734927,0.42953634,0.6733664,0.5621924,0.75417876,0.49110097,0.44952098,0.55848503,0.49550983,0.5291915,-0.3377567,0.7023233,0.41861212,0.6114861,0.6195752,0.56033176,-0.46525908,0.101991996,0.47902203,0.59782505,0.6750369,0.40633738,0.5046994,0.39376432,0.60413516,0.63501775,0.5367437,0.6047438,0.583083,0.5903498,0.22855222,0.6621345,0.5349017,0.31205505,0.48143443,0.61588603,-0.6526874,0.5938768,0.6623324,0.57288176,0.62208503,0.51525086
17,0.7154639,0.655573,-0.33937287,0.68140763,0.5743419,0.5430382,0.4530454,0.43457007,0.6060411,0.49075094,0.5771291,0.73376286,-0.4742955,0.5363182,0.59061253,0.63959384,0.51390934,1.0,-0.29788178,0.40089378,-0.5422606,-0.72111946,-0.70843923,0.67178464,0.6923144,0.7494366,0.6890158,0.7077351,0.5907755,0.55935115,0.38521725,0.6969799,0.32980657,-0.621728,0.37870717,0.5700185,-0.4352149,0.3099251,-0.7311519,-0.7667546,-0.50974417,0.62799585,0.6120155,0.69862264,0.47325975,0.74420387,0.77562314,0.55839795,0.56944805,0.44780278,0.7496273,0.49447355,0.71490496,-0.2611015,0.60715985,0.4552432,0.6286112,0.573632,0.6759932,-0.6122268,0.08383529,0.6078382,0.67207533,0.71604544,0.46103552,0.52506506,0.5071476,0.67583126,0.65207785,0.5969088,0.63172066,0.55389744,0.6278769,0.27325264,0.740123,0.43487808,0.45930037,0.45941728,0.6690107,-0.707416,0.73284596,0.6278243,0.70030874,0.7001195,0.6589477
18,-0.29611588,-0.19929089,0.118207514,-0.27580464,-0.21679537,-0.17233995,-0.1497318,-0.15822552,-0.18526734,-0.1646753,-0.16737604,-0.27418914,0.18564375,-0.23741727,-0.21497783,-0.30030963,-0.24154858,-0.29788178,1.0,-0.26370022,0.17332013,0.24378818,0.24223581,-0.19924457,-0.21114515,-0.2673983,-0.26188213,-0.24763767,-0.3438347,-0.33398768,-0.15264697,-0.2963536,-0.13067713,0.23081431,-0.15216623,-0.17513326,0.5266153,-0.20792815,0.21134908,0.28082746,0.20783679,-0.22342354,-0.21150436,-0.23848706,-0.17728876,-0.24276333,-0.28134918,-0.19539376,-0.263567,-0.22361284,-0.27725184,-0.5352362,-0.21129009,0.30559358,-0.21052976,-0.24028184,-0.20920733,-0.1835219,-0.3160611,0.17447901,-0.054793034,-0.20932844,-0.28875253,-0.24887812,-0.4894028,-0.49768353,-0.15610477,-0.20472835,-0.20059736,-0.2849452,-0.19792816,-0.18219492,-0.20515543,-0.52854234,-0.22070652,-0.5030028,-0.15100622,-0.1711119,-0.2187859,0.27513558,-0.27273107,-0.23916258,-0.27641466,-0.30237123,-0.19959743
19,0.38319582,0.3168167,-0.1704395,0.4197087,0.38709825,0.25944173,0.29591033,0.2281701,0.28110817,0.23256132,0.279575,0.43321994,-0.2647178,0.33100468,0.33577967,0.40869588,0.3282544,0.40089375,-0.26370022,1.0,-0.25126386,-0.39960557,-0.38162726,0.38209176,0.29379472,0.42264843,0.3980966,0.332557,0.4348906,0.3329012,0.21788768,0.39009875,0.19677648,-0.3470008,0.38544336,0.36841285,-0.3359269,0.25989938,-0.36237836,-0.41548795,-0.3166667,0.36704847,0.31968984,0.37630463,0.53182095,0.36201224,0.4380822,0.32071567,0.3898994,0.45385268,0.46414432,0.38556257,0.32994112,-0.20746735,0.39593536,0.42255104,0.45152327,0.28977886,0.37386635,-0.28921333,0.093203306,0.3169868,0.3964717,0.36914113,0.34857884,0.37437657,0.23905678,0.3330871,0.30736658,0.5095906,0.33805954,0.410898,0.37859684,0.24419107,0.35221624,0.34246776,0.55238897,0.3520506,0.35964206,-0.38444722,0.40418285,0.3508182,0.38507268,0.43677193,0.2902939
20,-0.66906375,-0.6838751,0.22461417,-0.495387,-0.48534852,-0.3671152,-0.44115233,-0.36653045,-0.4956104,-0.46351677,-0.64773744,-0.53291744,0.54591906,-0.66015416,-0.6659616,-0.33606836,-0.6189644,-0.5422606,0.17332013,-0.25126386,1.0,0.45503685,0.39325944,-0.67337316,-0.669145,-0.5971886,-0.69984186,-0.41083485,-0.54456085,-0.46624443,-0.533854,-0.3961397,-0.38346773,0.5710489,-0.2982185,-0.39181557,0.3180762,-0.17376496,0.64790887,0.6140149,0.5496569,-0.6253824,-0.39739695,-0.6381941,-0.32509413,-0.65429616,-0.5444861,-0.6472262,-0.38728395,-0.3358991,-0.534186,-0.34031126,-0.430605,0.21899755,-0.7348957,-0.38815856,-0.6293345,-0.78777105,-0.450709,0.38168603,-0.058768474,-0.39171356,-0.50752884,-0.6776819,-0.32343292,-0.40889016,-0.31830546,-0.6931263,-0.73679787,-0.4397478,-0.6528239,-0.49646294,-0.56317,-0.1621405,-0.6613623,-0.36162996,-0.25978786,-0.36827013,-0.48706663,0.65495473,-0.54155624,-0.7602222,-0.43202657,-0.59761316,-0.47660914
21,-0.6446572,-0.58820796,0.40123096,-0.7154098,-0.662572,-0.5515726,-0.50183713,-0.46722955,-0.66615266,-0.5253137,-0.46075368,-0.7333147,0.54461247,-0.5858825,-0.6176671,-0.6329937,-0.5724939,-0.72111946,0.24378818,-0.3996056,0.45503685,1.0,0.74974716,-0.60420436,-0.561584,-0.74654776,-0.6556105,-0.7531504,-0.5691012,-0.5605302,-0.38103026,-0.7302945,-0.38967574,0.681733,-0.4508105,-0.5617534,0.4242214,-0.27990347,0.730037,0.70013684,0.5934437,-0.66814446,-0.59321827,-0.6940353,-0.5181323,-0.73462665,-0.74176383,-0.6063692,-0.5846171,-0.48223558,-0.7293112,-0.48483008,-0.75457686,0.267135,-0.5883773,-0.45824823,-0.61642605,-0.4875251,-0.6834236,0.6504191,-0.105624415,-0.6305848,-0.7086576,-0.70066476,-0.44381216,-0.51817006,-0.546484,-0.6157758,-0.58312166,-0.6190103,-0.6070743,-0.5810603,-0.61550003,-0.23163645,-0.72877836,-0.43832847,-0.48542988,-0.48437318,-0.7326528,0.6795009,-0.73684704,-0.563077,-0.74235404,-0.6861006,-0.6989918
22,-0.61038816,-0.582628,0.33159736,-0.73483795,-0.56281805,-0.5443285,-0.4412399,-0.4245556,-0.658661,-0.5147974,-0.42232558,-0.7541761,0.45443502,-0.4835999,-0.54516375,-0.6799649,-0.49891976,-0.70843923,0.24223581,-0.38162726,0.39325944,0.74974716,1.0,-0.5477661,-0.54435194,-0.7189126,-0.61572737,-0.7911713,-0.5498282,-0.5189407,-0.32474682,-0.7463018,-0.3055539,0.64046663,-0.3899317,-0.5567521,0.38868895,-0.28876764,0.7034091,0.69250524,0.517535,-0.592632,-0.6327818,-0.6281218,-0.5197814,-0.70338637,-0.7555763,-0.53352374,-0.55247,-0.49922833,-0.68711966,-0.4547094,-0.7915561,0.23374876,-0.5150851,-0.41351667,-0.5706273,-0.42785522,-0.6793235,0.66365904,-0.10614486,-0.5889822,-0.7216983,-0.64055663,-0.41771874,-0.5057518,-0.54345185,-0.5657115,-0.5453742,-0.59011084,-0.58390415,-0.48968604,-0.6311169,-0.22999854,-0.7048162,-0.38966843,-0.46255472,-0.5012849,-0.68581486,0.67124605,-0.7238762,-0.49264318,-0.7882834,-0.66571295,-0.74123895
23,0.6776178,0.6864522,-0.31894735,0.5704505,0.5544576,0.48801526,0.4181594,0.40018803,0.55577207,0.44832826,0.6172338,0.6486818,-0.512259,0.62728095,0.6842562,0.4134887,0.5841071,0.67178464,-0.19924457,0.38209176,-0.67337316,-0.60420436,-0.5477661,1.0,0.66565835,0.6985577,0.7397416,0.56524557,0.56994903,0.51522475,0.47420266,0.5382893,0.47253332,-0.5875722,0.3702211,0.43334007,-0.33814603,0.21094319,-0.70528233,-0.7149935,-0.53307587,0.6933604,0.41564453,0.7209105,0.43767062,0.7042618,0.6635667,0.61668944,0.4876787,0.40850383,0.68526804,0.40618822,0.58019006,-0.22968596,0.69818884,0.43497685,0.6322697,0.71099484,0.5963305,-0.4532477,0.066410534,0.5281738,0.5641502,0.7322733,0.36916387,0.43461463,0.40200853,0.7473048,0.72500783,0.5337729,0.6405448,0.6054481,0.6464002,0.18887007,0.7101596,0.37391695,0.3745655,0.43384025,0.57818866,-0.69194466,0.66708136,0.7195459,0.5637602,0.67175514,0.5576027
24,0.7022979,0.7001278,-0.28950945,0.5473981,0.4976312,0.4440341,0.37603563,0.37640762,0.49173316,0.44225058,0.6828467,0.6175105,-0.4670661,0.53187114,0.57034826,0.51469904,0.492515,0.6923144,-0.21114515,0.29379472,-0.669145,-0.561584,-0.54435194,0.66565835,1.0,0.65794814,0.671234,0.53839356,0.547071,0.48311606,0.40856436,0.5478821,0.33942434,-0.5552573,0.33574897,0.5382952,-0.34387833,0.25520778,-0.67239887,-0.6850875,-0.48412848,0.5744815,0.5543578,0.64329135,0.3893717,0.6841684,0.6480023,0.5663932,0.47782424,0.3930916,0.62416124,0.38878718,0.5592763,-0.21136357,0.6433947,0.39608452,0.612632,0.680288,0.5326237,-0.49513578,0.072878025,0.49167398,0.554876,0.6919012,0.3640807,0.4220098,0.4286994,0.706217,0.67709565,0.50863475,0.63181347,0.5046687,0.58003443,0.19797842,0.6933868,0.34878913,0.36291587,0.4111988,0.5483476,-0.6756775,0.60340786,0.67271245,0.5524404,0.61985373,0.54552764
25,0.724559,0.7250559,-0.33196887,0.7146716,0.6305096,0.54158306,0.5092191,0.44755274,0.6755823,0.5471976,0.582,0.77390176,-0.54361033,0.62481844,0.662025,0.61421764,0.5995263,0.7494366,-0.2673983,0.42264843,-0.59718853,-0.74654776,-0.7189126,0.6985576,0.6579481,1.0,0.7575572,0.69536865,0.6598914,0.5667,0.42130008,0.673783,0.41067854,-0.70327574,0.45604324,0.56334776,-0.41827238,0.30174947,-0.77532744,-0.7743203,-0.5878279,0.69336975,0.58634704,0.72790956,0.50743085,0.7849807,0.7843378,0.63785976,0.58059204,0.49380764,0.75547606,0.47286537,0.69854814,-0.26043332,0.6930623,0.4804857,0.6941993,0.6138896,0.666236,-0.597122,0.10715056,0.5783079,0.7224903,0.7690095,0.44988614,0.55080444,0.5022952,0.715147,0.68864363,0.6379766,0.70855546,0.58347523,0.6727124,0.24876547,0.78383434,0.43564445,0.47942442,0.47307515,0.66546273,-0.77384233,0.7599018,0.6726363,0.71094644,0.7573866,0.7053821
26,0.7401494,0.73059064,-0.31164846,0.67386705,0.6383189,0.5133411,0.50337464,0.43534938,0.6161189,0.50198007,0.62148744,0.726736,-0.58887523,0.7159289,0.76252156,0.49391457,0.6877615,0.6890158,-0.26188213,0.39809662,-0.69984186,-0.6556105,-0.61572737,0.7397416,0.671234,0.7575572,1.0,0.6220696,0.67836666,0.6051261,0.49144533,0.613432,0.4306954,-0.67010295,0.44337955,0.49684286,-0.4415384,0.27986667,-0.7788329,-0.76832026,-0.62951756,0.7619183,0.4723767,0.77930653,0.50547916,0.7826231,0.72376263,0.7026853,0.5578873,0.5120257,0.7159849,0.5003095,0.6345362,-0.29380527,0.7689634,0.44478515,0.7205092,0.71616364,0.6623927,-0.51895946,0.08597276,0.56523937,0.6706259,0.7918196,0.45093074,0.54334193,0.42909625,0.75728655,0.7617891,0.6286346,0.70571166,0.6141627,0.70841235,0.24464835,0.7747492,0.4821625,0.41674468,0.5101921,0.64896256,-0.7703776,0.71929395,0.75936717,0.6525679,0.74718255,0.60989666
27,0.61238146,0.56183845,-0.3460746,0.71703184,0.55572027,0.59277827,0.46156144,0.4725051,0.66336304,0.5146132,0.41771635,0.7323552,-0.4677291,0.50956374,0.59028375,0.60043544,0.5197137,0.7077351,-0.24763769,0.33255702,-0.41083488,-0.7531504,-0.7911713,0.5652456,0.5383936,0.69536865,0.6220696,1.0000001,0.51793575,0.5419629,0.34351802,0.7543937,0.30618382,-0.6209007,0.34069008,0.49785545,-0.40354785,0.25538996,-0.70759046,-0.69011307,-0.5191932,0.6418795,0.56837124,0.67376655,0.48328283,0.7053975,0.7357431,0.54408604,0.5522293,0.46731785,0.684858,0.47758275,0.8265703,-0.2526102,0.5027373,0.37533492,0.53723645,0.44316,0.7385168,-0.6598565,0.08287523,0.65184736,0.69699633,0.6482476,0.4359191,0.50359535,0.5410049,0.57748145,0.5610499,0.57103187,0.5644742,0.5201514,0.6518967,0.23658928,0.705655,0.4182366,0.38951236,0.5372793,0.7308568,-0.6388911,0.72852206,0.51418215,0.76374966,0.6597692,0.7153135
28,0.6397167,0.6033366,-0.24950935,0.61781836,0.5617608,0.47347826,0.46280226,0.39548004,0.50027204,0.42072287,0.53358704,0.6538417,-0.45176995,0.58467215,0.60237616,0.5247498,0.56979024,0.5907755,-0.34383467,0.43489063,-0.54456085,-0.5691012,-0.5498282,0.569949,0.547071,0.6598914,0.67836666,0.5179357,0.99999994,0.49753466,0.43826288,0.58218056,0.35587105,-0.5750876,0.53662443,0.54262954,-0.45550948,0.38227522,-0.6231157,-0.6683016,-0.5099026,0.616585,0.4423222,0.6269057,0.5272183,0.6325957,0.64197695,0.5557324,0.552147,0.58182937,0.63061833,0.5133504,0.51111895,-0.2766974,0.66105515,0.4292721,0.68747497,0.5746751,0.5825666,-0.4291326,0.099124186,0.49052268,0.62997705,0.6328196,0.47456902,0.55649835,0.3797723,0.6236006,0.6352189,0.65673673,0.6166313,0.5049507,0.6017577,0.31116086,0.6290954,0.48027155,0.49272776,0.45778644,0.5453772,-0.6589539,0.5975536,0.6224108,0.5702845,0.6685517,0.496956
29,0.5521122,0.5049384,-0.25984505,0.54845047,0.63518614,0.39790577,0.35662976,0.33643267,0.46832567,0.38082653,0.41784957,0.5524758,-0.6096235,0.60765,0.5999791,0.4723081,0.60120696,0.55935115,-0.3339877,0.33290127,-0.46624446,-0.5605302,-0.5189407,0.51522475,0.4831161,0.56670004,0.6051261,0.5419629,0.49753475,1.0000001,0.34739786,0.5170021,0.29073706,-0.5403543,0.34976268,0.39164844,-0.62491727,0.2377698,-0.5973921,-0.5632411,-0.62170756,0.58624434,0.43556282,0.6044875,0.3723592,0.6145534,0.56760544,0.6052448,0.4390839,0.3815932,0.5568356,0.582932,0.5438931,-0.4510086,0.573379,0.35676852,0.496796,0.4951918,0.53958035,-0.4603367,0.08612024,0.44178554,0.5306111,0.63193333,0.43617728,0.52635014,0.3729042,0.5170006,0.5063146,0.5010636,0.47657478,0.54847026,0.4890339,0.3103926,0.5805858,0.656897,0.31773254,0.36688313,0.5300888,-0.61914456,0.5697509,0.53586537,0.6043869,0.55763334,0.49132144
30,0.46763536,0.3934055,-0.21126102,0.46272942,0.41224742,0.31256777,0.29869726,0.28546384,0.38264418,0.37559462,0.31052974,0.4384589,-0.41035658,0.5473463,0.5557504,0.264369,0.5380565,0.38521725,-0.15264697,0.21788771,-0.533854,-0.38103026,-0.32474682,0.47420266,0.40856436,0.42130008,0.49144533,0.343518,0.4382629,0.34739786,1.0,0.332012,0.33590996,-0.4542833,0.25546882,0.30234715,-0.27006462,0.1505406,-0.48720497,-0.44631907,-0.49286115,0.5282263,0.27329352,0.47464025,0.27497756,0.48718616,0.41827807,0.5118514,0.33490357,0.2920178,0.42288077,0.29234782,0.3458841,-0.19277881,0.53287274,0.36908096,0.4621264,0.57936496,0.37868714,-0.29944733,0.058856927,0.3353481,0.4558809,0.47421625,0.28168115,0.32820317,0.2593779,0.45808673,0.59602106,0.352539,0.49047905,0.37859413,0.44479558,0.14690638,0.48803908,0.33354843,0.2236562,0.3096621,0.43741027,-0.46806967,0.41271454,0.54984325,0.3750709,0.4406202,0.36518916
31,0.6191923,0.540213,-0.37532985,0.6908567,0.56110895,0.57556266,0.45301083,0.4885142,0.5772822,0.46205214,0.44444335,0.72102576,-0.43865126,0.4994285,0.5598875,0.62696224,0.511271,0.6969799,-0.2963536,0.39009875,-0.3961397,-0.7302945,-0.7463018,0.5382893,0.5478821,0.67378306,0.613432,0.7543937,0.5821806,0.5170021,0.332012,1.0,0.29968712,-0.5944992,0.41595316,0.550472,-0.4363454,0.322603,-0.6667173,-0.6845153,-0.50913656,0.6173719,0.5672886,0.6560195,0.571433,0.66516024,0.70592576,0.5416017,0.61705303,0.5744129,0.68463975,0.5389846,0.7480647,-0.25765008,0.5115015,0.40686825,0.58107704,0.43378124,0.7271242,-0.61809003,0.0971974,0.6756986,0.6776794,0.6237111,0.47088078,0.5285582,0.5343145,0.57659906,0.5357694,0.64496434,0.5554762,0.5263932,0.6451808,0.27499366,0.6688955,0.44081116,0.46429676,0.5735753,0.717403,-0.61832523,0.68490905,0.5097522,0.73718005,0.6603333,0.6256622
32,0.34598893,0.3476547,-0.19696918,0.3516689,0.4799115,0.26776415,0.29206854,0.2534697,0.3382081,0.3148346,0.2710148,0.33896166,-0.5090197,0.5218292,0.46392617,0.24932209,0.45339182,0.32980657,-0.13067713,0.19677648,-0.38346773,-0.38967574,-0.3055539,0.47253332,0.33942434,0.41067857,0.4306954,0.30618382,0.35587108,0.29073706,0.33590996,0.29968712,1.0,-0.457778,0.32617748,0.25564635,-0.22210039,0.13161749,-0.4277842,-0.35599035,-0.48180765,0.46591195,0.25190356,0.40606904,0.2470358,0.42610157,0.34608272,0.48408574,0.31451553,0.24972518,0.3521739,0.25407615,0.32110757,-0.15389763,0.4519462,0.30176434,0.3687044,0.43984067,0.32356006,-0.2962334,0.043309607,0.28822535,0.3392407,0.46114096,0.24181251,0.28827304,0.37590408,0.47859856,0.387571,0.31729308,0.39904624,0.4430598,0.3433509,0.12627083,0.4353907,0.25060537,0.20774673,0.26656917,0.3738351,-0.43125215,0.38541967,0.43948925,0.3298441,0.3935164,0.33169454
33,-0.6700833,-0.64084804,0.28753498,-0.66745424,-0.6205238,-0.46961027,-0.4989051,-0.44105762,-0.6430807,-0.56666523,-0.4993656,-0.6662507,0.6280938,-0.66835934,-0.6547344,-0.57226,-0.66815907,-0.62172794,0.23081428,-0.3470008,0.5710489,0.68173295,0.6404666,-0.58757216,-0.5552573,-0.70327574,-0.6701029,-0.62090063,-0.5750876,-0.5403543,-0.45428327,-0.5944991,-0.457778,1.0,-0.35831755,-0.4565291,0.41250905,-0.2583623,0.7304219,0.6392121,0.68553764,-0.6604691,-0.586232,-0.64540297,-0.42540264,-0.7316367,-0.65918446,-0.6978489,-0.5494168,-0.43843,-0.60969377,-0.4377385,-0.62690276,0.2591771,-0.66289973,-0.4764443,-0.62015676,-0.5707168,-0.575642,0.5915146,-0.1596148,-0.4960301,-0.69047254,-0.69278276,-0.3918926,-0.5036495,-0.51603955,-0.62298924,-0.61741644,-0.5601271,-0.6854692,-0.54588765,-0.58301365,-0.21572104,-0.73776287,-0.4375296,-0.36431536,-0.4619672,-0.6580838,0.71517116,-0.6628463,-0.61769074,-0.66408724,-0.67212856,-0.656089
34,0.34410164,0.33932105,-0.1922682,0.43460274,0.53284633,0.30970028,0.37640214,0.31668058,0.3309118,0.2597807,0.3083743,0.4367872,-0.36615288,0.42328253,0.40192604,0.3996314,0.37791052,0.3787072,-0.15216625,0.38544336,-0.29821852,-0.4508105,-0.3899317,0.3702211,0.33574897,0.45604327,0.44337958,0.34069008,0.53662443,0.34976268,0.25546885,0.4159532,0.3261775,-0.35831758,1.0,0.578372,-0.29378054,0.31538057,-0.41089204,-0.43100718,-0.3829898,0.43054467,0.2975201,0.42670175,0.52046776,0.4147223,0.4349516,0.39059898,0.37928632,0.5109577,0.4574798,0.3136624,0.3516946,-0.2103621,0.4731636,0.29795116,0.5549206,0.34253222,0.3703595,-0.3078499,0.05354698,0.35651714,0.41336566,0.43428993,0.29621053,0.34883508,0.32325348,0.4253027,0.3735466,0.534673,0.38437045,0.42363545,0.4046272,0.15085937,0.40101957,0.3089116,0.58956426,0.31911346,0.38786313,-0.42800352,0.39654422,0.38625726,0.39319387,0.43747336,0.31291252
35,0.48979798,0.44863212,-0.2295308,0.563196,0.52276593,0.36277166,0.38074484,0.34441105,0.4218407,0.38261113,0.41776353,0.55493385,-0.38549185,0.40455744,0.4082088,0.6305484,0.36867887,0.5700185,-0.17513326,0.36841285,-0.39181557,-0.5617534,-0.5567521,0.43334007,0.5382952,0.56334776,0.49684286,0.49785545,0.54262954,0.39164844,0.30234715,0.550472,0.25564635,-0.45652914,0.57837194,1.0,-0.3168476,0.3403186,-0.54052466,-0.55678374,-0.41261387,0.44250262,0.5906716,0.4824555,0.52353525,0.5459841,0.59249014,0.43343058,0.40900487,0.49372137,0.555896,0.33151355,0.5127517,-0.18934442,0.50517684,0.3747924,0.596646,0.4234515,0.42963094,-0.48332527,0.058946725,0.3978475,0.54217255,0.52242625,0.32006136,0.3767829,0.47300637,0.49589851,0.46227244,0.5573705,0.4876401,0.40774366,0.47192472,0.16889171,0.5450755,0.30144233,0.6041699,0.3504657,0.50068444,-0.5485462,0.5022228,0.44751132,0.5321479,0.51433897,0.48838162
36,-0.4309097,-0.32955495,0.19243263,-0.4411143,-0.4915317,-0.29281902,-0.2760855,-0.27255836,-0.3185594,-0.28211647,-0.2779106,-0.4171966,0.46014434,-0.47025204,-0.42713153,-0.429487,-0.47245055,-0.43521488,0.5266153,-0.3359269,0.3180762,0.4242214,0.38868892,-0.33814603,-0.34387833,-0.41827238,-0.4415384,-0.40354785,-0.45550948,-0.6249172,-0.27006462,-0.4363454,-0.22210039,0.41250905,-0.2937805,-0.31684756,0.99999994,-0.27283117,0.41039795,0.4235281,0.47898623,-0.42382544,-0.34926856,-0.4331832,-0.3048209,-0.4406602,-0.43261227,-0.4388783,-0.38960326,-0.34543803,-0.42987052,-0.677274,-0.3836668,0.46438095,-0.41165316,-0.3390565,-0.37176254,-0.33406332,-0.45053053,0.33832726,-0.07724073,-0.34031248,-0.43318307,-0.45421103,-0.5263595,-0.5869749,-0.28554466,-0.3529026,-0.3403885,-0.4411169,-0.338646,-0.40192428,-0.3448733,-0.46530297,-0.40372267,-0.72189176,-0.2688606,-0.30065727,-0.4098336,0.4595977,-0.4276165,-0.39662677,-0.4699866,-0.44250777,-0.3328961
37,0.26908618,0.25273332,-0.118578434,0.31231597,0.31281266,0.19235179,0.21550308,0.19022146,0.22570015,0.19159885,0.20754272,0.3048287,-0.19093025,0.22417697,0.21489117,0.36525315,0.21611828,0.3099251,-0.20792815,0.2598994,-0.17376496,-0.27990347,-0.28876764,0.21094319,0.25520778,0.30174947,0.27986667,0.25538993,0.38227522,0.23776977,0.1505406,0.322603,0.13161749,-0.2583623,0.31538054,0.3403186,-0.27283117,1.0,-0.26700395,-0.32137504,-0.20681246,0.23623982,0.27441671,0.2614228,0.2951897,0.2723672,0.3165752,0.20876785,0.3550877,0.32863668,0.31925476,0.2778005,0.25034606,-0.15561767,0.27115837,0.2748704,0.33322084,0.20564048,0.2886874,-0.28323483,0.064391874,0.24907966,0.30247664,0.26802984,0.25813916,0.2938257,0.28640833,0.26287732,0.24622618,0.38020945,0.3132181,0.2168506,0.2556553,0.1875324,0.2682433,0.25720808,0.32655624,0.23462474,0.28392702,-0.28107515,0.27826506,0.24511509,0.28053033,0.30209774,0.20812789
38,-0.74243766,-0.71010345,0.33404154,-0.7303977,-0.6587587,-0.5356663,-0.49796396,-0.45083523,-0.66435075,-0.55201215,-0.58487195,-0.7564313,0.6129618,-0.6911821,-0.7359274,-0.5816657,-0.67450356,-0.7311519,0.21134908,-0.3623784,0.64790887,0.730037,0.7034091,-0.70528233,-0.67239887,-0.77532744,-0.7788329,-0.70759046,-0.6231158,-0.597392,-0.48720497,-0.6667173,-0.4277842,0.7304219,-0.41089204,-0.54052466,0.41039798,-0.26700395,1.0,0.76078206,0.66786265,-0.7472814,-0.5874856,-0.76351357,-0.4931823,-0.8298063,-0.7608185,-0.7156238,-0.55497473,-0.48090863,-0.7163165,-0.45806244,-0.7234049,0.26906314,-0.7261627,-0.4482904,-0.6878722,-0.67617565,-0.6613464,0.61298156,-0.10025446,-0.5779413,-0.7252556,-0.79326993,-0.40465006,-0.50203985,-0.51845556,-0.7302325,-0.73930895,-0.6084043,-0.70940447,-0.6043351,-0.68746895,-0.20290704,-0.8301365,-0.4432921,-0.4200464,-0.50161636,-0.7170975,0.78705424,-0.74910367,-0.70909077,-0.72245973,-0.73789346,-0.7016993
39,-0.73549384,-0.7055727,0.32273555,-0.69353,-0.58821076,-0.56214786,-0.49337995,-0.46414068,-0.62210995,-0.48883376,-0.616271,-0.7687681,0.49351174,-0.60540694,-0.6735514,-0.5723967,-0.58771545,-0.7667546,0.28082746,-0.41548797,0.6140149,0.70013684,0.69250524,-0.7149935,-0.6850875,-0.7743203,-0.76832026,-0.69011307,-0.66830164,-0.5632411,-0.44631907,-0.6845153,-0.35599035,0.63921213,-0.43100715,-0.55678374,0.4235281,-0.32137504,0.76078206,1.0,0.5357309,-0.70238525,-0.5333196,-0.7559777,-0.521205,-0.7665046,-0.781718,-0.6056499,-0.5846141,-0.5199744,-0.7637272,-0.49244562,-0.69861424,0.26270714,-0.683755,-0.45755807,-0.7056659,-0.6396406,-0.70784867,0.5694109,-0.0878961,-0.6147806,-0.69198626,-0.75096804,-0.4683207,-0.53918177,-0.47291747,-0.7319536,-0.7291258,-0.6473833,-0.6824025,-0.586043,-0.7087235,-0.2618055,-0.7650152,-0.4469235,-0.4613959,-0.5180882,-0.6768322,0.7392239,-0.74414504,-0.6934584,-0.6937178,-0.74940366,-0.6352357
40,-0.5751558,-0.5149203,0.2964828,-0.61358553,-0.7123158,-0.38781744,-0.43097088,-0.37489676,-0.5284534,-0.4995581,-0.3891251,-0.5566276,0.7433802,-0.7526737,-0.69268346,-0.47169918,-0.73815197,-0.50974417,0.20783679,-0.3166667,0.5496569,0.5934437,0.517535,-0.53307587,-0.48412848,-0.5878279,-0.62951756,-0.5191932,-0.5099026,-0.62170756,-0.49286115,-0.50913656,-0.48180765,0.6855377,-0.3829898,-0.41261387,0.47898626,-0.20681246,0.66786265,0.5357309,1.0,-0.66677517,-0.49238485,-0.6194899,-0.40934396,-0.6666395,-0.55169004,-0.77681005,-0.46757784,-0.4036983,-0.5277987,-0.47221175,-0.5345717,0.34705088,-0.66478336,-0.42025408,-0.55832094,-0.5759323,-0.49883386,0.5057908,-0.099524565,-0.43433416,-0.5951893,-0.66507876,-0.3555795,-0.46843252,-0.45710185,-0.5568395,-0.5603177,-0.50852185,-0.574768,-0.5853459,-0.51560694,-0.19713002,-0.6544942,-0.52886534,-0.34193155,-0.42340526,-0.6094452,0.6555131,-0.5728756,-0.6025127,-0.59157205,-0.5785513,-0.54873866
41,0.67523175,0.6220826,-0.32262588,0.6688639,0.66002846,0.5417434,0.49666417,0.489864,0.5943446,0.4901629,0.5212868,0.68285394,-0.61563563,0.74319696,0.80031675,0.4252692,0.71874005,0.62799585,-0.22342354,0.3670485,-0.6253824,-0.66814446,-0.592632,0.6933604,0.5744815,0.69336975,0.7619183,0.6418795,0.6165851,0.5862443,0.5282263,0.6173719,0.46591195,-0.6604691,0.43054464,0.44250262,-0.42382547,0.23623982,-0.7472814,-0.70238525,-0.66677517,1.0,0.4110906,0.78822356,0.5004347,0.74285245,0.67227393,0.7158053,0.5563208,0.5034653,0.680783,0.48552033,0.6562909,-0.30035523,0.7181904,0.41223127,0.66145134,0.66418725,0.6907067,-0.52412266,0.07715957,0.6209755,0.6423801,0.7487954,0.43565544,0.49921325,0.44818586,0.7078841,0.71630186,0.6117367,0.6447001,0.6590884,0.69785184,0.21600242,0.738694,0.48592842,0.3806483,0.5566393,0.7114045,-0.6884902,0.6891571,0.72187096,0.6402575,0.6996905,0.5712551
42,0.5610059,0.4942943,-0.24290855,0.59892035,0.49019215,0.34472537,0.343219,0.29840904,0.49402943,0.4768601,0.4046033,0.5665943,-0.4540308,0.39773542,0.39130417,0.75289875,0.3966089,0.6120154,-0.21150436,0.31968984,-0.39739695,-0.59321827,-0.6327818,0.41564453,0.55435777,0.58634704,0.4723767,0.5683712,0.4423222,0.43556282,0.27329352,0.5672886,0.25190356,-0.586232,0.29752007,0.5906716,-0.34926856,0.27441671,-0.58748555,-0.5333196,-0.49238482,0.4110906,1.0,0.45437866,0.39447525,0.59464484,0.6131804,0.4853699,0.41520098,0.3600298,0.5128903,0.35090265,0.5782139,-0.1956333,0.46090475,0.4136208,0.47898355,0.40723163,0.41697356,-0.61079913,0.11093615,0.36414126,0.5997351,0.53705335,0.3120357,0.3953273,0.55562854,0.4547399,0.43580332,0.45760384,0.51377386,0.36869282,0.41852137,0.19368774,0.6062816,0.323814,0.42735514,0.32127452,0.5323541,-0.59550595,0.5443642,0.429044,0.6062484,0.5210797,0.6318635
43,0.7176281,0.6663316,-0.33995974,0.66750383,0.6463507,0.57219636,0.4978357,0.4978915,0.6024586,0.47997704,0.59530246,0.7156662,-0.57736593,0.69641685,0.764098,0.46969607,0.6734927,0.69862264,-0.23848706,0.37630463,-0.6381941,-0.6940353,-0.6281218,0.7209105,0.64329135,0.7279096,0.77930653,0.67376655,0.62690574,0.6044875,0.47464025,0.6560195,0.40606904,-0.64540297,0.42670175,0.4824555,-0.43318322,0.2614228,-0.76351357,-0.7559777,-0.6194899,0.78822356,0.45437866,1.0,0.5093372,0.7636731,0.7163684,0.6885227,0.58989084,0.5111084,0.72853017,0.49957612,0.69044125,-0.2954601,0.71554035,0.41693512,0.6850157,0.6653983,0.7257556,-0.55338,0.07748199,0.66402346,0.64959395,0.7724831,0.44902295,0.507803,0.44887027,0.73724204,0.7301459,0.6327903,0.6538837,0.66554946,0.7160941,0.22383851,0.7605464,0.47944134,0.41038755,0.56721807,0.7231286,-0.7081322,0.7189256,0.727555,0.6666996,0.7206594,0.58653355
44,0.46163628,0.39623106,-0.25683916,0.541645,0.49410287,0.33876494,0.3847675,0.30852577,0.39765716,0.320732,0.34083888,0.5545909,-0.34198883,0.42184487,0.4553998,0.4682765,0.4295363,0.47325972,-0.17728876,0.531821,-0.3250941,-0.5181323,-0.5197814,0.43767056,0.3893717,0.50743085,0.50547916,0.4832828,0.5272183,0.37235916,0.27497754,0.571433,0.2470358,-0.42540264,0.52046776,0.52353525,-0.3048209,0.2951897,-0.49318227,-0.521205,-0.40934396,0.5004347,0.39447525,0.5093372,1.0,0.47547016,0.5279641,0.4402983,0.48566207,0.6791422,0.54131806,0.4114998,0.48945794,-0.19608954,0.4807433,0.38214603,0.58157,0.3559697,0.50242317,-0.4093755,0.09502561,0.45408595,0.5132687,0.46191874,0.35451093,0.38788593,0.33540425,0.42297602,0.40188518,0.65410924,0.43458882,0.435377,0.5666472,0.18106323,0.47777304,0.32757226,0.6149538,0.5490737,0.52243966,-0.46900904,0.49643242,0.41145137,0.52303386,0.5180501,0.40719113
45,0.7472546,0.7109453,-0.330601,0.73411775,0.66752106,0.5343639,0.50423664,0.45293453,0.66919166,0.5515262,0.5818433,0.7577223,-0.62081546,0.6967105,0.7331986,0.5911533,0.6733664,0.74420387,-0.24276333,0.36201227,-0.65429616,-0.73462665,-0.70338637,0.7042618,0.6841684,0.7849808,0.7826231,0.7053974,0.6325958,0.61455333,0.48718616,0.66516024,0.42610157,-0.7316367,0.41472226,0.5459841,-0.4406602,0.2723672,-0.8298063,-0.7665046,-0.6666395,0.74285245,0.5946449,0.7636731,0.4754702,1.0,0.7725519,0.7133791,0.55757403,0.46827564,0.7273698,0.4787954,0.7222365,-0.28530204,0.7273368,0.4562846,0.6906431,0.67441666,0.6681304,-0.6204331,0.09528299,0.581169,0.72968197,0.8027782,0.43164855,0.5300395,0.51780504,0.7329587,0.73988056,0.6045325,0.7097771,0.603537,0.67854494,0.22697413,0.83106375,0.46899548,0.41916797,0.4895416,0.71465385,-0.79481345,0.7579691,0.71632546,0.7260158,0.74440575,0.70329106
46,0.7081771,0.6647562,-0.30873597,0.74929476,0.61235535,0.5493115,0.48201454,0.43354675,0.6536802,0.5243883,0.5382144,0.78017485,-0.50514835,0.5793138,0.63410246,0.6527453,0.56219244,0.77562314,-0.28134918,0.43808225,-0.54448617,-0.74176383,-0.7555764,0.66356677,0.6480023,0.7843379,0.72376263,0.7357431,0.64197695,0.56760544,0.41827807,0.70592576,0.34608275,-0.6591846,0.4349516,0.59249014,-0.43261233,0.31657523,-0.7608185,-0.781718,-0.55169004,0.672274,0.6131804,0.71636844,0.5279641,0.77255195,1.0,0.59287345,0.5662152,0.5015994,0.7624485,0.48465928,0.7439699,-0.2633845,0.6455409,0.46458673,0.67011684,0.5789268,0.6888505,-0.6244846,0.0841707,0.5899457,0.7297578,0.7341597,0.46524787,0.54764885,0.50725967,0.674323,0.67192215,0.63670987,0.66203916,0.56297666,0.6710085,0.26027903,0.76570016,0.44621134,0.50373554,0.49041426,0.691157,-0.7436682,0.76106346,0.63782394,0.7405857,0.73848146,0.69836164
47,0.6408373,0.6008914,-0.31766346,0.6239245,0.68438107,0.43080428,0.4662443,0.4405023,0.5558063,0.51192266,0.48525187,0.60406864,-0.7166222,0.7704087,0.74050003,0.4556724,0.75417876,0.55839795,-0.19539377,0.32071573,-0.6472263,-0.6063692,-0.5335238,0.61668944,0.5663932,0.6378598,0.7026853,0.54408604,0.5557325,0.6052448,0.51185143,0.5416018,0.48408577,-0.69784904,0.39059898,0.43343058,-0.43887833,0.20876788,-0.71562386,-0.60564995,-0.7768101,0.7158053,0.48536992,0.6885227,0.44029835,0.7133791,0.59287345,1.0000001,0.49775168,0.43779215,0.57768553,0.46586397,0.56411713,-0.31680858,0.7273199,0.42685306,0.6270682,0.65891457,0.5499589,-0.5170003,0.092859596,0.49777636,0.6092129,0.7210153,0.3640453,0.47683924,0.4722892,0.6501662,0.64574075,0.54033166,0.6375137,0.6196677,0.59173834,0.18844928,0.70696074,0.4893475,0.34640586,0.47617376,0.6349311,-0.6956719,0.6157731,0.68696135,0.5938323,0.6399468,0.56706214
48,0.5623705,0.5127861,-0.31820226,0.54001635,0.511112,0.5011369,0.44438154,0.42373237,0.46526504,0.3802868,0.4528116,0.5918929,-0.4011164,0.48614776,0.5123344,0.48018032,0.49110097,0.56944805,-0.263567,0.3898994,-0.38728395,-0.5846171,-0.55247,0.4876787,0.47782424,0.58059204,0.5578873,0.5522293,0.55214703,0.4390839,0.33490357,0.61705303,0.31451553,-0.5494168,0.3792863,0.40900487,-0.38960326,0.3550877,-0.55497473,-0.5846141,-0.46757784,0.5563208,0.41520098,0.58989084,0.48566207,0.55757403,0.56621516,0.49775168,1.0,0.54371107,0.5924787,0.48380917,0.55140984,-0.23870029,0.503919,0.41745478,0.5553573,0.41789323,0.6273783,-0.51314616,0.14711681,0.6179997,0.5562415,0.54559976,0.45132953,0.46880552,0.4114691,0.52628046,0.4923204,0.623427,0.54252607,0.5034965,0.5642493,0.24590081,0.56123495,0.40089542,0.39866018,0.56356055,0.5989841,-0.5223166,0.56741935,0.49656498,0.57094365,0.57736224,0.44440204
49,0.47104993,0.42575583,-0.22142892,0.5040642,0.46583214,0.37920538,0.39642978,0.32550317,0.36411238,0.29504696,0.39242443,0.54893416,-0.32745674,0.43024826,0.46161675,0.44362417,0.44952098,0.44780278,-0.22361284,0.45385268,-0.3358991,-0.48223558,-0.49922833,0.40850383,0.3930916,0.4938077,0.5120257,0.46731785,0.5818294,0.3815932,0.2920178,0.5744129,0.24972518,-0.43843,0.51095766,0.49372137,-0.34543803,0.32863668,-0.48090863,-0.5199744,-0.4036983,0.5034653,0.36002982,0.5111084,0.6791422,0.46827564,0.5015994,0.43779215,0.54371107,1.0,0.5092292,0.45233354,0.46884656,-0.21696879,0.4815269,0.35343075,0.5784018,0.36151785,0.52778643,-0.3821698,0.13879365,0.47092247,0.51048887,0.45382842,0.40575936,0.41833648,0.31556964,0.43709093,0.41661245,0.6828796,0.45589668,0.40472037,0.5861452,0.22124523,0.4764575,0.36664912,0.50699437,0.6083864,0.50705224,-0.47268763,0.4677002,0.4131335,0.52343804,0.51373917,0.3588922
50,0.6773253,0.637977,-0.35394442,0.6837488,0.6160465,0.55139744,0.48517802,0.45088205,0.6161079,0.48396248,0.5366049,0.7441304,-0.48329407,0.5819632,0.6345278,0.5740251,0.55848503,0.74962723,-0.2772518,0.46414432,-0.534186,-0.7293112,-0.6871196,0.68526804,0.6241612,0.75547606,0.7159849,0.68485796,0.63061833,0.5568356,0.42288077,0.68463975,0.35217386,-0.60969377,0.4574798,0.555896,-0.42987052,0.31925473,-0.71631646,-0.7637272,-0.5277987,0.680783,0.5128903,0.72853017,0.54131806,0.7273698,0.76244843,0.5776855,0.59247863,0.5092292,1.0,0.49919218,0.6905853,-0.27263737,0.6418234,0.48335266,0.67479557,0.57263094,0.6956159,-0.5712566,0.08242349,0.62929094,0.67224747,0.72222507,0.4680719,0.5347484,0.46029985,0.67322206,0.6546769,0.65222126,0.6387659,0.5988661,0.6675481,0.25765094,0.71683425,0.44691008,0.51460975,0.4976238,0.6722465,-0.6941401,0.73696136,0.637985,0.6813492,0.7197131,0.6227742
51,0.4915834,0.3844039,-0.29297698,0.4872558,0.48402256,0.35713115,0.33257785,0.31776407,0.36968637,0.30532324,0.32063732,0.496448,-0.4203365,0.4808816,0.4725452,0.4436083,0.49550983,0.49447355,-0.5352362,0.3855626,-0.34031126,-0.48483008,-0.4547094,0.40618822,0.38878718,0.47286537,0.5003095,0.47758275,0.5133505,0.58293194,0.29234782,0.5389846,0.25407615,-0.43773857,0.31366238,0.33151355,-0.67727405,0.2778005,-0.45806244,-0.49244562,-0.47221175,0.48552033,0.35090265,0.49957612,0.4114998,0.4787954,0.48465928,0.46586394,0.48380917,0.45233354,0.49919224,1.0,0.4486499,-0.41694927,0.43637428,0.36588222,0.4292195,0.36286774,0.5551327,-0.37762374,0.08809501,0.4523265,0.49061805,0.48575246,0.58241487,0.6248623,0.3144398,0.40526143,0.39256024,0.52032286,0.38747174,0.42465037,0.4457012,0.4852948,0.45194504,0.6777195,0.30565473,0.41099358,0.4763704,-0.48832142,0.49416667,0.43643558,0.5209247,0.51069486,0.3778343
52,0.6176905,0.57108027,-0.3356396,0.71739423,0.57792675,0.5915911,0.469917,0.4808949,0.6577706,0.50838107,0.43445307,0.7302308,-0.49057096,0.5249285,0.60636115,0.5963713,0.5291915,0.71490496,-0.21129009,0.32994112,-0.430605,-0.75457686,-0.7915561,0.58019006,0.5592763,0.69854814,0.6345362,0.8265702,0.51111895,0.54389304,0.3458841,0.7480647,0.32110757,-0.6269028,0.35169458,0.5127517,-0.38366684,0.25034606,-0.7234049,-0.69861424,-0.5345717,0.6562909,0.57821393,0.69044125,0.48945794,0.7222365,0.7439699,0.56411713,0.55140984,0.46884656,0.6905853,0.4486499,1.0,-0.24332145,0.52288556,0.3736555,0.5550705,0.46287364,0.7337281,-0.6735987,0.07746988,0.66349226,0.692426,0.6660653,0.41701296,0.48012328,0.55344844,0.6019706,0.5749952,0.57369226,0.57389724,0.5456118,0.66458344,0.20160261,0.7230584,0.39889842,0.4015123,0.54803056,0.7470004,-0.64808345,0.7331386,0.53162855,0.77285135,0.6604835,0.710276
53,-0.26596057,-0.21205805,0.13090451,-0.27608395,-0.3499956,-0.19000575,-0.17888312,-0.17770046,-0.2096782,-0.18878251,-0.17470574,-0.25465572,0.3473967,-0.33488303,-0.3085397,-0.2402728,-0.3377567,-0.2611015,0.30559358,-0.20746735,0.21899755,0.267135,0.23374876,-0.22968596,-0.21136357,-0.26043332,-0.29380527,-0.2526102,-0.27669743,-0.45100853,-0.19277881,-0.25765008,-0.15389763,0.2591771,-0.21036208,-0.18934442,0.46438095,-0.15561767,0.26906314,0.26270714,0.34705088,-0.30035523,-0.19563332,-0.2954601,-0.19608957,-0.28530204,-0.2633845,-0.31680858,-0.23870029,-0.21696879,-0.2726374,-0.41694927,-0.24332145,1.0,-0.28642032,-0.20120397,-0.2405344,-0.23214321,-0.28454885,0.21465936,-0.06840288,-0.22010678,-0.26129556,-0.30455217,-0.30889156,-0.3522269,-0.17614628,-0.2328715,-0.22542524,-0.27684495,-0.21441382,-0.29485783,-0.22831367,-0.28852478,-0.25933063,-0.4793178,-0.16890717,-0.19550486,-0.2649546,0.29410022,-0.27208868,-0.26875412,-0.29531968,-0.2765205,-0.20622644
54,0.70102006,0.68957,-0.2646793,0.615534,0.6516701,0.4299984,0.48189762,0.39986563,0.5409319,0.47886646,0.6150316,0.6390607,-0.62837166,0.74317306,0.7378022,0.45993313,0.7023233,0.60715985,-0.21052976,0.3959354,-0.7348957,-0.5883773,-0.5150851,0.69818884,0.6433947,0.6930623,0.7689634,0.5027373,0.6610552,0.573379,0.53287274,0.5115015,0.4519462,-0.66289973,0.4731636,0.50517684,-0.4116532,0.27115837,-0.7261627,-0.683755,-0.66478336,0.7181904,0.46090478,0.71554035,0.48074332,0.7273368,0.64554083,0.7273199,0.503919,0.4815269,0.6418235,0.43637428,0.52288556,-0.28642032,1.0,0.45685694,0.72848994,0.74751467,0.5406347,-0.4584945,0.095904484,0.46747822,0.6133342,0.7534271,0.382991,0.47616032,0.40149444,0.7245566,0.73796767,0.6007841,0.6923822,0.61020416,0.62556887,0.19802193,0.7268556,0.45826957,0.4348365,0.44496575,0.58574736,-0.7360492,0.62823325,0.76439846,0.5619379,0.68399656,0.53237367
55,0.4380442,0.40248966,-0.24811603,0.44098645,0.43920553,0.2917618,0.34820133,0.29759228,0.40921986,0.37520525,0.31970644,0.45475012,-0.3964047,0.4297982,0.39782625,0.44494915,0.41861212,0.4552432,-0.24028184,0.42255104,-0.38815856,-0.45824823,-0.41351667,0.43497685,0.39608452,0.4804857,0.44478515,0.37533492,0.4292721,0.35676852,0.36908096,0.40686825,0.30176434,-0.47644436,0.29795113,0.3747924,-0.3390565,0.2748704,-0.4482904,-0.45755807,-0.42025408,0.41223127,0.4136208,0.41693512,0.38214603,0.4562846,0.4645867,0.42685303,0.41745478,0.35343075,0.48335272,0.36588222,0.3736555,-0.20120397,0.45685694,1.0,0.47125718,0.38099772,0.38169527,-0.3890717,0.105189115,0.3405494,0.4521594,0.45516697,0.33397612,0.39884928,0.33759063,0.4182333,0.39401442,0.44256124,0.46452543,0.41035312,0.39863116,0.2195485,0.45171666,0.3379938,0.397541,0.31485918,0.41818962,-0.4656845,0.45092785,0.4211324,0.41675276,0.47163427,0.40283233
56,0.6614695,0.6423741,-0.27924976,0.63451326,0.6165263,0.44459212,0.5349843,0.44199756,0.55376226,0.44951868,0.5750755,0.6785524,-0.5190816,0.63714623,0.6464573,0.5212891,0.6114861,0.6286112,-0.20920733,0.4515233,-0.6293345,-0.61642605,-0.5706273,0.6322697,0.612632,0.6941994,0.7205092,0.53723645,0.687475,0.496796,0.4621264,0.58107704,0.3687044,-0.62015676,0.5549206,0.596646,-0.37176254,0.33322084,-0.6878722,-0.7056659,-0.55832094,0.66145134,0.47898355,0.6850157,0.5815701,0.6906431,0.67011684,0.6270682,0.5553573,0.5784018,0.67479557,0.4292195,0.5550705,-0.2405344,0.72848994,0.47125718,1.0,0.6244814,0.5806441,-0.5005933,0.1088791,0.52924854,0.63823444,0.68455803,0.41274998,0.49091718,0.42035085,0.6819258,0.6797243,0.6719272,0.6691032,0.55998915,0.6550068,0.20330712,0.68745184,0.40491566,0.5511284,0.50570786,0.6124454,-0.6799779,0.63814896,0.6773419,0.584906,0.6908631,0.5237648
57,0.689772,0.67045426,-0.2371329,0.53531665,0.5269722,0.39358902,0.36597982,0.35643834,0.4563268,0.43039212,0.640409,0.56813455,-0.5365948,0.6664058,0.69668484,0.36846602,0.6195752,0.573632,-0.1835219,0.28977886,-0.78777105,-0.48752517,-0.42785522,0.71099484,0.680288,0.61388963,0.7161637,0.44316,0.57467514,0.4951918,0.57936496,0.43378127,0.4398407,-0.57071686,0.34253222,0.4234515,-0.33406335,0.20564048,-0.67617565,-0.6396406,-0.5759323,0.66418725,0.40723166,0.6653983,0.3559697,0.67441666,0.5789268,0.65891457,0.41789323,0.36151788,0.572631,0.36286774,0.46287364,-0.23214321,0.74751467,0.38099772,0.62448144,1.0000001,0.48388675,-0.38932636,0.057933796,0.42177087,0.52625203,0.70377123,0.3265919,0.3986334,0.37463805,0.7222322,0.7807541,0.4778163,0.65057683,0.5453395,0.5759347,0.17106545,0.68190753,0.3822841,0.30317122,0.37512404,0.5124983,-0.6782507,0.56188375,0.78488094,0.4704262,0.61110586,0.47410175
58,0.6295866,0.5607815,-0.34200004,0.6610624,0.54438585,0.6170733,0.47955626,0.5270046,0.5824349,0.44176722,0.46934876,0.7037461,-0.44610256,0.55456835,0.640441,0.48242384,0.56033176,0.6759932,-0.3160611,0.37386635,-0.450709,-0.6834236,-0.6793235,0.5963305,0.5326237,0.66623604,0.6623927,0.7385168,0.5825667,0.5395803,0.37868714,0.7271242,0.32356006,-0.57564205,0.37035948,0.42963094,-0.45053053,0.2886874,-0.6613464,-0.70784867,-0.49883386,0.6907067,0.41697356,0.7257556,0.50242317,0.6681304,0.6888505,0.5499589,0.6273783,0.52778643,0.6956159,0.5551327,0.7337281,-0.28454885,0.5406347,0.38169527,0.5806441,0.48388675,1.0,-0.5708556,0.08629419,0.7321824,0.6399822,0.6477464,0.5176241,0.5547708,0.46292734,0.62499094,0.599329,0.6280553,0.56335646,0.58060753,0.6891214,0.2987777,0.6624086,0.48002183,0.37540755,0.6208274,0.7233864,-0.600528,0.6999755,0.5797589,0.6866348,0.6781835,0.56897146
59,-0.5362927,-0.48363715,0.29871416,-0.62827617,-0.54892147,-0.41977242,-0.4400057,-0.40871012,-0.58337986,-0.485919,-0.33873808,-0.5985197,0.48351362,-0.46256816,-0.4845188,-0.6085274,-0.46525908,-0.6122268,0.17447901,-0.28921333,0.38168603,0.6504191,0.66365904,-0.4532477,-0.49513578,-0.597122,-0.51895946,-0.6598565,-0.42913264,-0.4603367,-0.29944733,-0.61809003,-0.2962334,0.59151465,-0.3078499,-0.48332527,0.3383273,-0.28323483,0.61298156,0.5694109,0.5057908,-0.52412266,-0.61079913,-0.55338,-0.40937552,-0.6204331,-0.6244846,-0.5170003,-0.51314616,-0.3821698,-0.5712566,-0.37762374,-0.6735987,0.21465936,-0.4584945,-0.3890717,-0.5005933,-0.38932636,-0.5708556,1.0,-0.087358765,-0.5539772,-0.61403555,-0.5643929,-0.39161494,-0.4315998,-0.5769443,-0.4877273,-0.47350347,-0.49246666,-0.529658,-0.44195774,-0.5146288,-0.17557542,-0.62208027,-0.33942196,-0.37150082,-0.45468476,-0.65346134,0.5561651,-0.61333555,-0.46410802,-0.63821304,-0.561015,-0.6255044
60,0.12399109,0.13125397,-0.03919634,0.07649347,0.06865407,0.05238446,0.055906348,0.052433386,0.07993834,0.07183847,0.13399878,0.1108151,-0.06702067,0.078432456,0.07397774,0.1114908,0.101991996,0.08383528,-0.05479303,0.093203306,-0.058768466,-0.10562441,-0.10614486,0.06641053,0.07287802,0.10715056,0.08597276,0.08287522,0.099124186,0.08612023,0.058856927,0.09719739,0.043309607,-0.1596148,0.05354698,0.058946725,-0.07724073,0.06439187,-0.10025446,-0.087896094,-0.09952456,0.07715957,0.110936135,0.07748199,0.09502561,0.09528298,0.08417069,0.09285958,0.14711681,0.13879365,0.08242349,0.08809501,0.07746988,-0.06840288,0.095904484,0.105189115,0.10887908,0.057933796,0.086294174,-0.08735876,1.0,0.06983757,0.11229394,0.078542426,0.07389385,0.07551275,0.058441594,0.074408814,0.07451853,0.13684721,0.122500286,0.060834683,0.09448811,0.07373116,0.10117545,0.077480994,0.062090755,0.112599835,0.08921717,-0.10394941,0.082125,0.068145804,0.11307077,0.10051542,0.071884826
61,0.54458845,0.4866455,-0.35949716,0.55670285,0.49265796,0.63932234,0.4744291,0.589446,0.50052154,0.383294,0.43989316,0.60565877,-0.3906508,0.48134246,0.5626709,0.40852964,0.47902203,0.6078382,-0.20932844,0.31698683,-0.39171356,-0.6305848,-0.5889822,0.5281738,0.49167398,0.5783079,0.56523937,0.65184736,0.49052268,0.4417855,0.3353481,0.6756986,0.28822535,-0.49603012,0.3565171,0.3978475,-0.3403125,0.24907966,-0.5779413,-0.6147806,-0.43433416,0.6209755,0.36414126,0.66402346,0.45408595,0.581169,0.5899457,0.49777636,0.6179997,0.47092247,0.62929094,0.4523265,0.66349226,-0.22010678,0.46747822,0.3405494,0.52924854,0.42177084,0.7321824,-0.5539772,0.06983758,1.0,0.536402,0.5741256,0.43830287,0.4432139,0.46357098,0.5857658,0.5257846,0.56019264,0.49504814,0.5928009,0.61330795,0.20516017,0.58034223,0.36546305,0.35967943,0.5957047,0.6836839,-0.49404913,0.61050653,0.5210912,0.5847618,0.59535474,0.47619313
62,0.6747819,0.6102889,-0.31507722,0.7586348,0.5978776,0.47976458,0.49440625,0.39719793,0.66970503,0.55734247,0.4378364,0.7411976,-0.51307416,0.58715296,0.61726207,0.64221424,0.59782505,0.67207533,-0.28875253,0.3964717,-0.50752884,-0.7086576,-0.7216983,0.5641502,0.554876,0.7224903,0.6706259,0.69699633,0.6299771,0.5306111,0.4558809,0.6776794,0.3392407,-0.6904726,0.41336563,0.54217255,-0.43318307,0.30247664,-0.7252556,-0.69198626,-0.5951893,0.6423801,0.5997351,0.64959395,0.51326877,0.72968197,0.7297578,0.6092129,0.5562415,0.51048887,0.6722475,0.49061805,0.692426,-0.26129556,0.6133342,0.4521594,0.63823444,0.52625203,0.6399822,-0.61403555,0.11229394,0.536402,1.0,0.6641833,0.4629213,0.5607541,0.48376784,0.5763386,0.62492776,0.61296034,0.65680605,0.4726899,0.63571227,0.2659328,0.72393566,0.45238742,0.4549209,0.4840399,0.6721227,-0.70749867,0.70665044,0.5819735,0.72686833,0.69500864,0.70839906
63,0.72658455,0.71463823,-0.3297264,0.67607445,0.680377,0.53574777,0.48810586,0.4605454,0.61980873,0.5228477,0.6114932,0.7126097,-0.6409708,0.7154588,0.74207693,0.5399094,0.67503685,0.71604544,-0.24887809,0.36914113,-0.6776819,-0.70066476,-0.64055663,0.7322733,0.6919012,0.7690095,0.7918196,0.64824754,0.6328196,0.6319332,0.47421622,0.6237111,0.46114096,-0.69278276,0.4342899,0.52242625,-0.45421106,0.26802984,-0.7932699,-0.75096804,-0.66507876,0.74879533,0.53705335,0.7724831,0.46191874,0.8027781,0.73415965,0.7210152,0.54559976,0.4538284,0.72222507,0.48575243,0.6660652,-0.30455214,0.7534271,0.45516697,0.684558,0.70377123,0.6477464,-0.5643929,0.078542426,0.5741255,0.6641833,0.99999994,0.4279188,0.52551585,0.4940867,0.7642488,0.7298605,0.5985098,0.69446766,0.65717083,0.6632466,0.23057105,0.7942969,0.4848314,0.4132341,0.4706603,0.66721714,-0.78347266,0.7255996,0.7438516,0.6711301,0.7307554,0.6418683
64,0.4530179,0.36609685,-0.21646047,0.45194685,0.40381745,0.31867605,0.34368837,0.28920794,0.36843687,0.2977768,0.29287302,0.46108788,-0.3248354,0.40381193,0.41040623,0.3952701,0.40633744,0.46103558,-0.4894028,0.34857884,-0.32343292,-0.4438122,-0.41771877,0.3691639,0.3640807,0.44988617,0.45093074,0.43591914,0.47456908,0.43617728,0.28168115,0.4708808,0.24181251,-0.39189267,0.29621053,0.3200614,-0.52635956,0.2581392,-0.4046501,-0.4683207,-0.35557953,0.43565544,0.31203574,0.44902298,0.35451096,0.43164855,0.46524787,0.36404532,0.45132953,0.40575936,0.46807194,0.5824149,0.41701296,-0.3088916,0.38299102,0.33397615,0.41275004,0.3265919,0.51762414,-0.39161497,0.07389386,0.43830287,0.46292132,0.42791882,1.0000001,0.60291487,0.27771613,0.37769827,0.38196793,0.46815208,0.3728981,0.34091723,0.41920936,0.46270758,0.41111097,0.52790135,0.28145766,0.39091918,0.4432853,-0.4242422,0.46308175,0.41076145,0.44991186,0.4795664,0.35201845
65,0.5204275,0.4670465,-0.24787864,0.5519163,0.48871675,0.3690155,0.4061722,0.34723976,0.49706662,0.42401522,0.3259151,0.5466865,-0.43625444,0.5019703,0.49137974,0.4823175,0.5046994,0.52506506,-0.49768353,0.3743766,-0.40889016,-0.5181701,-0.5057518,0.43461463,0.4220098,0.55080444,0.54334193,0.50359535,0.5564984,0.52635014,0.3282032,0.5285582,0.28827307,-0.5036495,0.34883508,0.3767829,-0.5869749,0.2938257,-0.50203985,-0.5391818,-0.46843255,0.49921325,0.39532733,0.507803,0.38788596,0.5300395,0.54764885,0.47683924,0.46880558,0.41833648,0.53474844,0.6248623,0.48012334,-0.35222697,0.47616032,0.39884928,0.49091718,0.3986334,0.5547708,-0.43159983,0.07551275,0.4432139,0.5607542,0.52551585,0.60291487,1.0000001,0.33503,0.45095378,0.44971484,0.5010542,0.48051098,0.4006773,0.47934976,0.46280435,0.504825,0.58971655,0.33494973,0.38424522,0.48363176,-0.5465743,0.54941547,0.47671515,0.5362597,0.57089007,0.4894858
66,0.43199918,0.3840563,-0.24713483,0.5201618,0.47800553,0.3895147,0.35551935,0.48680744,0.41784483,0.388145,0.29210147,0.4846787,-0.44123176,0.40729082,0.4148691,0.542836,0.39376432,0.5071476,-0.15610477,0.23905678,-0.31830546,-0.546484,-0.54345185,0.40200853,0.4286994,0.5022952,0.42909625,0.5410049,0.3797723,0.37290418,0.2593779,0.5343145,0.37590408,-0.51603955,0.32325348,0.47300637,-0.28554466,0.28640833,-0.51845556,-0.47291747,-0.45710185,0.44818586,0.5556286,0.44887027,0.33540428,0.51780504,0.50725967,0.4722892,0.4114691,0.31556964,0.46029988,0.3144398,0.55344844,-0.17614628,0.40149444,0.33759063,0.42035085,0.37463805,0.46292734,-0.5769443,0.0584416,0.46357098,0.48376784,0.4940867,0.27771613,0.33502996,1.0,0.48472387,0.40159318,0.42147174,0.45688397,0.45334953,0.41295943,0.14913605,0.5309904,0.27801934,0.33074933,0.34933513,0.5421144,-0.4816053,0.49151278,0.4206839,0.50337285,0.48393506,0.4908394
67,0.69729304,0.7189205,-0.2958431,0.5856688,0.5735758,0.56422156,0.46172255,0.5209305,0.5354234,0.449316,0.68601096,0.65910953,-0.5456114,0.6530655,0.70095766,0.4512081,0.60413516,0.67583126,-0.20472835,0.33308712,-0.6931263,-0.6157758,-0.5657115,0.7473048,0.706217,0.715147,0.75728655,0.57748145,0.6236006,0.5170006,0.45808673,0.57659906,0.47859856,-0.62298924,0.42530268,0.49589851,-0.35290262,0.26287732,-0.7302325,-0.7319536,-0.5568395,0.7078841,0.4547399,0.73724204,0.42297605,0.7329587,0.67432296,0.6501662,0.52628046,0.43709093,0.6732221,0.40526143,0.6019706,-0.2328715,0.7245566,0.4182333,0.6819258,0.7222322,0.62499094,-0.4877273,0.074408814,0.5857658,0.5763386,0.76424885,0.37769827,0.45095375,0.48472387,1.0,0.74609566,0.5622422,0.66961384,0.6646102,0.6531108,0.19137697,0.7412878,0.38390517,0.37943164,0.47107834,0.61401314,-0.7142168,0.65623564,0.7520955,0.578517,0.6975743,0.542482
68,0.73483217,0.7079167,-0.2862975,0.62529063,0.5408389,0.494595,0.44590214,0.4191448,0.5619822,0.465723,0.63914686,0.67473185,-0.5033241,0.6609737,0.732262,0.4288626,0.63501775,0.65207785,-0.20059736,0.3073666,-0.73679787,-0.58312166,-0.5453742,0.72500783,0.67709565,0.6886437,0.7617891,0.5610499,0.6352189,0.5063146,0.59602106,0.5357694,0.387571,-0.61741644,0.37354657,0.46227244,-0.34038854,0.24622618,-0.73930895,-0.7291258,-0.5603177,0.71630186,0.43580335,0.7301459,0.40188518,0.73988056,0.6719221,0.6457407,0.4923204,0.41661245,0.654677,0.39256024,0.5749952,-0.22542524,0.73796767,0.39401442,0.6797243,0.780754,0.599329,-0.47350347,0.07451853,0.5257846,0.62492776,0.7298605,0.38196793,0.44971484,0.40159318,0.74609566,1.0,0.53507864,0.68816674,0.5472873,0.6577346,0.19131908,0.7424544,0.38997972,0.34136957,0.44211918,0.6071264,-0.7088964,0.65300435,0.7793788,0.5692291,0.6814877,0.5582285
69,0.6012437,0.535437,-0.27119195,0.6199795,0.58923304,0.45348102,0.47242582,0.40537322,0.4724039,0.38746497,0.48634627,0.65428567,-0.44042367,0.5423878,0.5658398,0.54146606,0.5367437,0.5969088,-0.2849452,0.5095907,-0.4397478,-0.6190103,-0.59011084,0.5337729,0.50863475,0.6379766,0.6286346,0.57103187,0.65673673,0.5010636,0.352539,0.64496434,0.31729308,-0.56012714,0.534673,0.5573705,-0.4411169,0.38020945,-0.6084043,-0.6473833,-0.50852185,0.6117367,0.45760384,0.6327903,0.65410924,0.6045325,0.63670987,0.54033166,0.623427,0.6828796,0.65222126,0.52032286,0.57369226,-0.27684495,0.6007841,0.44256124,0.6719272,0.4778163,0.6280553,-0.49246666,0.13684721,0.56019264,0.61296034,0.5985098,0.46815202,0.50105417,0.42147174,0.5622422,0.53507864,1.0,0.5753536,0.5296492,0.63809115,0.26101726,0.6045491,0.45537603,0.5560585,0.58887774,0.61821395,-0.5957789,0.6043228,0.54826427,0.61081415,0.640164,0.46897182
70,0.6824902,0.7111104,-0.27146268,0.6295591,0.55220574,0.45520756,0.49320334,0.41653714,0.6235344,0.5600729,0.5584961,0.6667834,-0.5219375,0.62078387,0.64104575,0.51000315,0.6047438,0.63172066,-0.19792816,0.33805954,-0.6528239,-0.6070743,-0.58390415,0.6405448,0.63181347,0.70855546,0.70571166,0.5644742,0.6166314,0.47657478,0.49047905,0.5554762,0.39904624,-0.6854692,0.38437045,0.4876401,-0.338646,0.3132181,-0.70940447,-0.6824025,-0.574768,0.6447001,0.51377386,0.6538837,0.43458885,0.7097771,0.66203916,0.63751364,0.54252607,0.45589668,0.63876593,0.38747174,0.57389724,-0.21441382,0.6923822,0.46452543,0.6691032,0.65057683,0.56335646,-0.529658,0.122500286,0.49504814,0.65680605,0.6944677,0.3728981,0.48051098,0.45688397,0.66961384,0.68816674,0.5753536,1.0,0.4988143,0.6364853,0.18524686,0.7189359,0.361441,0.37827355,0.45443022,0.58847713,-0.7083992,0.64643127,0.6728773,0.5868573,0.6826956,0.62004477
71,0.5354455,0.50799155,-0.28405142,0.51976734,0.6121528,0.57867724,0.42200977,0.5476358,0.42558154,0.36276203,0.501794,0.546624,-0.57593685,0.62374943,0.6452939,0.3844192,0.5830829,0.55389744,-0.1821949,0.410898,-0.4964629,-0.5810603,-0.489686,0.6054481,0.5046687,0.58347523,0.6141626,0.5201513,0.5049507,0.54847026,0.37859413,0.5263932,0.4430598,-0.54588765,0.42363542,0.40774366,-0.40192428,0.2168506,-0.6043351,-0.586043,-0.5853459,0.6590884,0.36869282,0.6655494,0.435377,0.60353696,0.56297666,0.61966765,0.5034965,0.40472037,0.5988661,0.42465037,0.5456118,-0.2948578,0.61020416,0.41035312,0.55998915,0.5453395,0.58060753,-0.44195774,0.060834683,0.5928009,0.47268987,0.65717083,0.3409172,0.4006773,0.45334953,0.6646102,0.5472873,0.5296492,0.4988143,1.0,0.53867114,0.17608075,0.5959874,0.44083908,0.41860816,0.46982315,0.59609294,-0.5684695,0.562968,0.6069315,0.52552193,0.589495,0.42047906
72,0.6416432,0.62878054,-0.29822633,0.6413505,0.530856,0.5237433,0.47493657,0.45479065,0.5887087,0.4703729,0.51912534,0.7005906,-0.45492914,0.5822804,0.6699484,0.4467827,0.5903498,0.6278768,-0.2051554,0.37859684,-0.56317,-0.61550003,-0.6311169,0.64640015,0.58003443,0.6727124,0.7084123,0.65189666,0.6017577,0.4890339,0.44479558,0.6451808,0.34335086,-0.58301365,0.40462717,0.47192472,-0.3448733,0.25565526,-0.68746895,-0.7087235,-0.5156069,0.69785184,0.41852137,0.7160941,0.5666472,0.67854494,0.67100847,0.5917383,0.5642493,0.5861452,0.6675481,0.44570118,0.6645834,-0.22831367,0.62556887,0.39863116,0.6550068,0.57593465,0.68912137,-0.5146288,0.09448811,0.61330795,0.6357122,0.6632466,0.41920933,0.47934973,0.4129594,0.65311074,0.6577346,0.63809115,0.6364852,0.53867114,1.0,0.19451037,0.68382424,0.38038608,0.40270057,0.6283348,0.65292645,-0.647503,0.6668486,0.6259698,0.6398339,0.68015945,0.5755669
73,0.27424115,0.19418915,-0.116258495,0.25587457,0.20563386,0.16581362,0.14590739,0.15620857,0.1797058,0.16346678,0.15718816,0.25759143,-0.1754416,0.22187026,0.20754139,0.27080786,0.22855222,0.27325264,-0.52854234,0.24419107,-0.1621405,-0.23163645,-0.22999854,0.18887007,0.19797842,0.24876547,0.24464835,0.23658925,0.31116086,0.31039256,0.14690638,0.27499366,0.12627083,-0.21572104,0.15085937,0.16889171,-0.46530297,0.1875324,-0.20290704,-0.2618055,-0.19713002,0.21600242,0.19368774,0.22383851,0.18106323,0.22697413,0.26027903,0.18844928,0.24590081,0.22124523,0.25765097,0.4852948,0.20160261,-0.28852478,0.19802193,0.2195485,0.20330712,0.17106545,0.2987777,-0.17557542,0.07373117,0.20516017,0.2659328,0.23057108,0.46270755,0.4628043,0.14913605,0.19137697,0.19131908,0.26101726,0.18524686,0.17608076,0.19451037,1.0,0.2100459,0.45429233,0.1480389,0.17216578,0.21376601,-0.25257185,0.25534976,0.22390905,0.2607409,0.28337327,0.1872494
74,0.75468487,0.722275,-0.32684353,0.7273361,0.6444943,0.5394413,0.50008565,0.4569161,0.6613592,0.5566426,0.60246116,0.75194186,-0.6064691,0.67960995,0.7240479,0.58841217,0.6621345,0.740123,-0.22070652,0.35221627,-0.6613623,-0.72877836,-0.7048162,0.7101596,0.6933868,0.7838344,0.7747492,0.7056549,0.6290954,0.5805857,0.48803908,0.6688955,0.4353907,-0.73776287,0.40101954,0.5450755,-0.4037227,0.2682433,-0.8301365,-0.7650152,-0.6544942,0.738694,0.6062816,0.7605464,0.47777307,0.83106375,0.76570016,0.7069607,0.56123495,0.4764575,0.7168343,0.45194504,0.7230584,-0.25933063,0.7268556,0.45171666,0.68745184,0.68190753,0.6624086,-0.62208027,0.10117545,0.58034223,0.72393566,0.7942969,0.41111094,0.504825,0.5309904,0.7412878,0.7424544,0.6045491,0.7189359,0.5959874,0.6838243,0.2100459,1.0,0.43318856,0.41191453,0.50147265,0.71657425,-0.7887729,0.7466682,0.7172723,0.71851414,0.740337,0.7027734
75,0.45656118,0.34788704,-0.21027796,0.46844512,0.52491057,0.3083253,0.2956716,0.28821808,0.34023136,0.29164112,0.29205212,0.43843907,-0.50039035,0.5330142,0.4949985,0.39768383,0.5349017,0.43487808,-0.5030028,0.34246776,-0.36162996,-0.43832844,-0.3896684,0.37391692,0.34878913,0.43564445,0.48216245,0.41823658,0.48027155,0.65689695,0.33354843,0.44081113,0.25060537,-0.43752956,0.30891156,0.3014423,-0.72189176,0.25720805,-0.44329208,-0.44692346,-0.52886534,0.48592842,0.323814,0.47944134,0.32757226,0.46899545,0.44621125,0.48934746,0.4008954,0.36664912,0.44691008,0.6777194,0.3988984,-0.47931775,0.45826957,0.3379938,0.40491563,0.38228405,0.4800218,-0.33942193,0.077480994,0.36546302,0.45238742,0.4848314,0.52790135,0.5897165,0.27801934,0.38390517,0.38997972,0.455376,0.361441,0.44083908,0.38038608,0.45429233,0.43318856,1.0,0.2659189,0.3301848,0.4424447,-0.4816967,0.4483766,0.4425237,0.48190352,0.4675569,0.33967584
76,0.3870236,0.33565623,-0.20396665,0.4913339,0.48127377,0.31476757,0.3561684,0.2752023,0.34100926,0.2867037,0.304753,0.48267853,-0.3007224,0.34048486,0.33857852,0.52155036,0.31205505,0.45930037,-0.15100622,0.55238897,-0.25978786,-0.48542988,-0.46255472,0.3745655,0.36291587,0.47942442,0.41674468,0.38951236,0.49272776,0.31773254,0.2236562,0.46429676,0.20774673,-0.36431536,0.58956426,0.6041699,-0.2688606,0.32655624,-0.4200464,-0.4613959,-0.34193155,0.3806483,0.42735514,0.41038755,0.6149539,0.41916797,0.5037355,0.34640586,0.39866018,0.50699437,0.51460975,0.30565473,0.4015123,-0.16890717,0.4348365,0.397541,0.5511284,0.30317122,0.37540755,-0.37150082,0.062090755,0.35967943,0.4549209,0.4132341,0.28145766,0.33494973,0.33074933,0.37943164,0.34136957,0.5560585,0.37827355,0.4186082,0.40270057,0.1480389,0.41191453,0.2659189,1.0,0.34063202,0.42243397,-0.4257875,0.43387303,0.35142246,0.44052967,0.4534123,0.3695473
77,0.4842199,0.42568737,-0.24138945,0.50201386,0.42815965,0.45007876,0.38868338,0.43014616,0.4036199,0.32922697,0.38651806,0.52922356,-0.3621084,0.45279264,0.5172862,0.34394392,0.48143443,0.45941728,-0.17111188,0.3520506,-0.36827013,-0.48437315,-0.5012849,0.43384025,0.41119874,0.47307515,0.51019204,0.53727925,0.45778644,0.3668831,0.3096621,0.57357526,0.26656917,-0.4619672,0.31911346,0.3504657,-0.30065727,0.23462474,-0.50161636,-0.5180882,-0.42340526,0.5566393,0.32127452,0.56721807,0.5490737,0.4895416,0.49041426,0.47617373,0.56356055,0.60838634,0.4976238,0.41099355,0.54803056,-0.19550486,0.44496575,0.31485915,0.50570786,0.375124,0.6208274,-0.45468476,0.112599835,0.5957047,0.4840399,0.4706603,0.39091915,0.3842452,0.3493351,0.4710783,0.44211918,0.5888777,0.45443022,0.46982315,0.6283348,0.17216578,0.5014726,0.3301848,0.340632,0.99999994,0.59897083,-0.4363384,0.4965332,0.45082292,0.52202624,0.5111386,0.37463585
78,0.6403973,0.53370005,-0.34675664,0.71288073,0.6313839,0.55635303,0.50672054,0.5172549,0.6054096,0.49393237,0.4441188,0.68697876,-0.55380064,0.6174261,0.66437626,0.5435624,0.61588603,0.6690107,-0.2187859,0.3596421,-0.48706663,-0.7326528,-0.68581486,0.57818866,0.5483476,0.6654628,0.64896256,0.7308568,0.54537725,0.5300888,0.43741027,0.717403,0.3738351,-0.6580838,0.3878631,0.50068444,-0.40983364,0.28392702,-0.7170975,-0.6768322,-0.6094452,0.7114045,0.5323541,0.7231286,0.5224397,0.71465385,0.691157,0.6349311,0.5989841,0.50705224,0.6722466,0.4763704,0.7470004,-0.2649546,0.58574736,0.41818962,0.6124454,0.5124983,0.7233864,-0.65346134,0.08921717,0.6836839,0.6721227,0.66721714,0.44328526,0.48363173,0.5421144,0.61401314,0.6071264,0.61821395,0.58847713,0.59609294,0.6529265,0.21376601,0.71657425,0.4424447,0.42243397,0.5989709,1.0,-0.6193947,0.6948401,0.5929212,0.70202917,0.65889716,0.6086636
79,-0.7295275,-0.7304236,0.29695982,-0.6982759,-0.64792955,-0.48370123,-0.45793843,-0.39554012,-0.6290605,-0.54207385,-0.58960533,-0.7347785,0.6067588,-0.6738147,-0.69209427,-0.60488087,-0.6526874,-0.707416,0.2751356,-0.38444725,0.65495473,0.6795009,0.6712461,-0.69194466,-0.67567754,-0.7738424,-0.7703776,-0.6388911,-0.65895396,-0.61914456,-0.4680697,-0.61832523,-0.43125215,0.7151713,-0.42800352,-0.54854625,0.45959774,-0.28107515,0.78705424,0.73922396,0.6555131,-0.6884902,-0.59550595,-0.7081322,-0.4690091,-0.7948135,-0.7436682,-0.6956719,-0.5223166,-0.47268763,-0.69414014,-0.48832142,-0.64808345,0.29410022,-0.73604923,-0.4656845,-0.6799779,-0.6782507,-0.600528,0.5561651,-0.10394943,-0.49404916,-0.70749867,-0.7834728,-0.4242422,-0.5465743,-0.48160535,-0.7142168,-0.7088964,-0.59577894,-0.7083992,-0.5684696,-0.647503,-0.25257185,-0.78877294,-0.4816967,-0.4257875,-0.43633842,-0.6193948,1.0000001,-0.7130387,-0.69888234,-0.69668096,-0.73021233,-0.68603426
80,0.68080354,0.64777744,-0.35275114,0.7163336,0.6149214,0.5414319,0.511924,0.43711948,0.6812572,0.52887875,0.49640313,0.7524388,-0.5326585,0.60590714,0.6564759,0.57936364,0.59387684,0.73284596,-0.27273107,0.4041829,-0.5415563,-0.7368471,-0.72387624,0.66708136,0.60340786,0.7599019,0.719294,0.72852206,0.5975537,0.5697509,0.41271454,0.6849091,0.38541967,-0.6628464,0.39654422,0.50222284,-0.4276166,0.27826506,-0.7491037,-0.74414504,-0.5728757,0.6891571,0.5443642,0.71892565,0.49643242,0.75796914,0.76106346,0.6157731,0.5674194,0.46770024,0.7369615,0.49416673,0.7331387,-0.27208868,0.62823325,0.45092785,0.638149,0.56188375,0.6999755,-0.61333555,0.08212501,0.61050653,0.70665044,0.72559965,0.46308175,0.54941547,0.49151278,0.65623564,0.65300435,0.6043228,0.64643127,0.5629681,0.66684866,0.25534979,0.7466682,0.44837666,0.43387303,0.49653322,0.69484013,-0.7130387,1.0,0.62848514,0.71909666,0.72332615,0.69446075
81,0.7242162,0.6839982,-0.2679887,0.59391195,0.5791015,0.4531383,0.44381106,0.4428708,0.5143795,0.45775288,0.6334679,0.6255516,-0.56712043,0.70357996,0.7332264,0.4140158,0.6623324,0.6278243,-0.23916258,0.35081822,-0.76022226,-0.563077,-0.49264318,0.7195459,0.67271245,0.67263633,0.75936717,0.51418215,0.62241083,0.53586537,0.5498433,0.5097523,0.43948928,-0.6176908,0.38625726,0.44751132,-0.39662683,0.24511509,-0.70909077,-0.69345844,-0.6025127,0.72187096,0.42904404,0.72755504,0.4114514,0.7163255,0.63782394,0.68696135,0.49656498,0.41313353,0.637985,0.43643558,0.5316286,-0.26875412,0.7643985,0.4211324,0.67734194,0.78488094,0.5797589,-0.46410808,0.068145804,0.5210912,0.58197355,0.7438517,0.41076145,0.47671515,0.42068392,0.7520956,0.7793788,0.54826427,0.6728773,0.6069315,0.6259699,0.22390905,0.7172723,0.44252372,0.3514225,0.45082295,0.59292126,-0.69888234,0.62848514,1.0000001,0.5303325,0.68028736,0.5086099
82,0.6356785,0.58558846,-0.33014658,0.7336032,0.6192271,0.5394363,0.4484221,0.4041192,0.63302535,0.49847662,0.43922403,0.7474652,-0.5236168,0.5557145,0.6051912,0.6545971,0.57288176,0.70030874,-0.27641466,0.3850727,-0.43202657,-0.74235404,-0.7882834,0.5637602,0.5524404,0.7109465,0.6525679,0.76374966,0.5702845,0.60438687,0.3750709,0.73718005,0.3298441,-0.6640873,0.39319387,0.5321479,-0.4699866,0.28053033,-0.72245973,-0.6937178,-0.59157205,0.6402575,0.60624844,0.6666996,0.52303386,0.7260158,0.7405857,0.59383225,0.57094365,0.52343804,0.6813493,0.5209247,0.77285135,-0.29531968,0.5619379,0.41675276,0.584906,0.47042617,0.6866348,-0.63821304,0.11307077,0.5847618,0.72686833,0.6711302,0.44991183,0.5362597,0.50337285,0.578517,0.5692291,0.61081415,0.5868573,0.52552193,0.6398339,0.2607409,0.71851414,0.48190358,0.44052967,0.52202624,0.70202917,-0.6966809,0.7190966,0.53033245,1.0,0.66867733,0.70064586
83,0.70864195,0.6804897,-0.30887252,0.69601417,0.59769493,0.5366657,0.51193565,0.48627904,0.6252193,0.51671976,0.5534274,0.74362755,-0.52739805,0.63438255,0.67456627,0.55855465,0.62208503,0.70011944,-0.3023712,0.43677193,-0.59761316,-0.6861006,-0.66571295,0.6717551,0.61985373,0.7573866,0.7471825,0.6597691,0.6685517,0.55763334,0.44062018,0.6603332,0.3935164,-0.67212856,0.43747327,0.51433897,-0.44250777,0.30209774,-0.7378934,-0.7494036,-0.57855123,0.6996905,0.5210797,0.7206594,0.5180501,0.7444057,0.7384814,0.6399468,0.5773622,0.5137391,0.7197131,0.5106948,0.6604835,-0.2765205,0.6839965,0.4716342,0.6908631,0.6111058,0.6781835,-0.561015,0.10051542,0.59535474,0.69500864,0.7307554,0.47956637,0.57089007,0.48393503,0.6975743,0.6814876,0.640164,0.6826956,0.589495,0.68015945,0.28337327,0.74033695,0.4675569,0.45341223,0.5111386,0.6588971,-0.7302123,0.7233261,0.6802873,0.6686773,1.0,0.6350767
84,0.6045361,0.61412,-0.33936682,0.701641,0.53876996,0.46920046,0.45257053,0.36095414,0.7511139,0.62931436,0.3859964,0.69005,-0.50244534,0.51351917,0.551652,0.6154679,0.51525086,0.6589477,-0.19959743,0.29029393,-0.47660917,-0.6989918,-0.74123895,0.5576027,0.54552764,0.70538217,0.6098967,0.7153135,0.49695602,0.49132144,0.36518916,0.6256622,0.33169454,-0.65608907,0.31291252,0.48838165,-0.33289614,0.20812789,-0.7016993,-0.6352357,-0.54873866,0.57125515,0.63186353,0.58653355,0.40719116,0.70329106,0.69836164,0.56706214,0.44440207,0.35889223,0.6227742,0.37783432,0.71027607,-0.20622644,0.53237367,0.40283236,0.5237648,0.47410175,0.56897146,-0.6255044,0.07188483,0.47619316,0.7083991,0.64186835,0.35201845,0.4894858,0.4908394,0.542482,0.55822855,0.46897185,0.62004477,0.4204791,0.57556695,0.1872494,0.70277345,0.33967587,0.3695473,0.3746359,0.6086637,-0.68603426,0.69446075,0.5086099,0.7006459,0.6350767,1.0
